;Left Body
CreateMeshbuilder,
ADDVertex,-1.5,3.6,25,
ADDVertex,-1.8,1.9,25,
ADDVertex,-1.8,0.295,25,
ADDVertex,-1.5,3.6,18.869,
ADDVertex,-1.8,1.9,18.869,
ADDVertex,-1.8,0.295,18.869,
ADDFace,3,4,1,0,
ADDFace,4,5,2,1,
GenerateNormals,
LoadTexture,ext3.png,
SETTextureCoordinates,0,1,0,
SETTextureCoordinates,1,1,0.45,
SETTextureCoordinates,2,1,1,
SETTextureCoordinates,3,0,0,
SETTextureCoordinates,4,0,0.45,
SETTextureCoordinates,5,0,1,
SETDecalTransparentColor,0,0,255,
SetEmissiveColor,0,0,0,

CreateMeshbuilder,
ADDVertex,-1.5,3.6,25,
ADDVertex,-1.8,1.9,25,
ADDVertex,-1.8,0.295,25,
ADDVertex,-1.5,3.6,18.869,
ADDVertex,-1.8,1.9,18.869,
ADDVertex,-1.8,0.295,18.869,
ADDFace,0,1,4,3,
ADDFace,1,2,5,4,
GenerateNormals,
LoadTexture,int3-1.png,
SETTextureCoordinates,0,1,0,
SETTextureCoordinates,1,1,0.45,
SETTextureCoordinates,2,1,1,
SETTextureCoordinates,3,0,0,
SETTextureCoordinates,4,0,0.45,
SETTextureCoordinates,5,0,1,
SETDecalTransparentColor,0,0,255,
SetEmissiveColor,255,255,255,

CreateMeshbuilder,
ADDVertex,-1.5,3.6,0,
ADDVertex,-1.8,1.9,0,
ADDVertex,-1.8,0.295,0,
ADDVertex,-1.5,3.6,3.04,
ADDVertex,-1.8,1.9,3.04,
ADDVertex,-1.8,0.295,3.04,
ADDFace,0,1,4,3,
ADDFace,1,2,5,4,
GenerateNormals,
LoadTexture,ext7.png,
SETTextureCoordinates,0,1,0,
SETTextureCoordinates,1,1,0.45,
SETTextureCoordinates,2,1,1,
SETTextureCoordinates,3,0,0,
SETTextureCoordinates,4,0,0.45,
SETTextureCoordinates,5,0,1,
SETDecalTransparentColor,0,0,255,
SetEmissiveColor,0,0,0,

CreateMeshbuilder,
ADDVertex,-1.5,3.6,0,
ADDVertex,-1.8,1.9,0,
ADDVertex,-1.8,0.295,0,
ADDVertex,-1.5,3.6,3.04,
ADDVertex,-1.8,1.9,3.04,
ADDVertex,-1.8,0.295,3.04,
ADDFace,3,4,1,0,
ADDFace,4,5,2,1,
GenerateNormals,
LoadTexture,int7-1.png,
SETTextureCoordinates,0,1,0,
SETTextureCoordinates,1,1,0.45,
SETTextureCoordinates,2,1,1,
SETTextureCoordinates,3,0,0,
SETTextureCoordinates,4,0,0.45,
SETTextureCoordinates,5,0,1,
SETDecalTransparentColor,0,0,255,
SetEmissiveColor,255,255,255,

CreateMeshbuilder,
ADDVertex,-1.81,1.5,1.5,
ADDVertex,-1.81,1.4,1.5,
ADDVertex,-1.81,1.3,1.5,
ADDVertex,-1.81,1.5,2,
ADDVertex,-1.81,1.4,2,
ADDVertex,-1.81,1.3,2,
ADDFace,0,1,4,3,
ADDFace,1,2,5,4,
GenerateNormals,
LoadTexture,1_a.png,
SETTextureCoordinates,0,1,0,
SETTextureCoordinates,1,1,0.45,
SETTextureCoordinates,2,1,1,
SETTextureCoordinates,3,0,0,
SETTextureCoordinates,4,0,0.45,
SETTextureCoordinates,5,0,1,
SETDecalTransparentColor,0,0,255,
SetEmissiveColor,0,0,0,

CreateMeshbuilder,
ADDVertex,-1.81,1.5,21.9,
ADDVertex,-1.81,1.4,21.9,
ADDVertex,-1.81,1.3,21.9,
ADDVertex,-1.81,1.5,22.4,
ADDVertex,-1.81,1.4,22.4,
ADDVertex,-1.81,1.3,22.4,
ADDFace,0,1,4,3,
ADDFace,1,2,5,4,
GenerateNormals,
LoadTexture,1_a.png,
SETTextureCoordinates,0,1,0,
SETTextureCoordinates,1,1,0.45,
SETTextureCoordinates,2,1,1,
SETTextureCoordinates,3,0,0,
SETTextureCoordinates,4,0,0.45,
SETTextureCoordinates,5,0,1,
SETDecalTransparentColor,0,0,255,
SetEmissiveColor,0,0,0,

;Right Body
CreateMeshbuilder,
ADDVertex,1.5,3.6,25,
ADDVertex,1.8,1.9,25,
ADDVertex,1.8,0.295,25,
ADDVertex,1.5,3.6,18.869,
ADDVertex,1.8,1.9,18.869,
ADDVertex,1.8,0.295,18.869,
ADDFace,0,1,4,3,
ADDFace,1,2,5,4,
GenerateNormals,
LoadTexture,ext8.png,
SETTextureCoordinates,0,1,0,
SETTextureCoordinates,1,1,0.45,
SETTextureCoordinates,2,1,1,
SETTextureCoordinates,3,0,0,
SETTextureCoordinates,4,0,0.45,
SETTextureCoordinates,5,0,1,
SETDecalTransparentColor,0,0,255,
SetEmissiveColor,0,0,0,

CreateMeshbuilder,
ADDVertex,1.5,3.6,25,
ADDVertex,1.8,1.9,25,
ADDVertex,1.8,0.295,25,
ADDVertex,1.5,3.6,18.869,
ADDVertex,1.8,1.9,18.869,
ADDVertex,1.8,0.295,18.869,
ADDFace,3,4,1,0,
ADDFace,4,5,2,1,
GenerateNormals,
LoadTexture,int8-1.png,
SETTextureCoordinates,0,1,0,
SETTextureCoordinates,1,1,0.45,
SETTextureCoordinates,2,1,1,
SETTextureCoordinates,3,0,0,
SETTextureCoordinates,4,0,0.45,
SETTextureCoordinates,5,0,1,
SETDecalTransparentColor,0,0,255,
SetEmissiveColor,255,255,255,

CreateMeshbuilder,
ADDVertex,1.5,3.6,3.04,
ADDVertex,1.8,1.9,3.04,
ADDVertex,1.8,0.295,3.04,
ADDVertex,1.5,3.6,0,
ADDVertex,1.8,1.9,0,
ADDVertex,1.8,0.295,0,
ADDFace,0,1,4,3,
ADDFace,1,2,5,4,
GenerateNormals,
LoadTexture,ext6.png,
SETTextureCoordinates,0,1,0,
SETTextureCoordinates,1,1,0.45,
SETTextureCoordinates,2,1,1,
SETTextureCoordinates,3,0,0,
SETTextureCoordinates,4,0,0.45,
SETTextureCoordinates,5,0,1,
SETDecalTransparentColor,0,0,255,
SetEmissiveColor,0,0,0,

CreateMeshbuilder,
ADDVertex,1.5,3.6,3.04,
ADDVertex,1.8,1.9,3.04,
ADDVertex,1.8,0.295,3.04,
ADDVertex,1.5,3.6,0,
ADDVertex,1.8,1.9,0,
ADDVertex,1.8,0.295,0,
ADDFace,3,4,1,0,
ADDFace,4,5,2,1,
GenerateNormals,
LoadTexture,int6-1.png,
SETTextureCoordinates,0,1,0,
SETTextureCoordinates,1,1,0.45,
SETTextureCoordinates,2,1,1,
SETTextureCoordinates,3,0,0,
SETTextureCoordinates,4,0,0.45,
SETTextureCoordinates,5,0,1,
SETDecalTransparentColor,0,0,255,
SetEmissiveColor,255,255,255,

CreateMeshbuilder,
ADDVertex,1.81,1.5,1.6,
ADDVertex,1.81,1.4,1.6,
ADDVertex,1.81,1.3,1.6,
ADDVertex,1.81,1.5,2.1,
ADDVertex,1.81,1.4,2.1,
ADDVertex,1.81,1.3,2.1,
ADDFace,3,4,1,0,
ADDFace,4,5,2,1,
GenerateNormals,
LoadTexture,1_b.png,
SETTextureCoordinates,0,1,0,
SETTextureCoordinates,1,1,0.45,
SETTextureCoordinates,2,1,1,
SETTextureCoordinates,3,0,0,
SETTextureCoordinates,4,0,0.45,
SETTextureCoordinates,5,0,1,
SETDecalTransparentColor,0,0,255,
SetEmissiveColor,0,0,0,

CreateMeshbuilder,
ADDVertex,1.81,1.5,21.9,
ADDVertex,1.81,1.4,21.9,
ADDVertex,1.81,1.3,21.9,
ADDVertex,1.81,1.5,22.4,
ADDVertex,1.81,1.4,22.4,
ADDVertex,1.81,1.3,22.4,
ADDFace,3,4,1,0,
ADDFace,4,5,2,1,
GenerateNormals,
LoadTexture,1_b.png,
SETTextureCoordinates,0,1,0,
SETTextureCoordinates,1,1,0.45,
SETTextureCoordinates,2,1,1,
SETTextureCoordinates,3,0,0,
SETTextureCoordinates,4,0,0.45,
SETTextureCoordinates,5,0,1,
SETDecalTransparentColor,0,0,255,
SetEmissiveColor,0,0,0,

;Patch cover for train end
CreateMeshbuilder,
ADDVertex,1.5,3.6,20.83,
ADDVertex,1.558,3.2718,20.83,
ADDVertex,1.558,3.2718,19.14,
ADDVertex,1.5,3.6,19.14,
ADDFace,0,1,2,3,
GenerateNormals,
LoadTexture,ext11.png,
SETTextureCoordinates,0,1,0,
SETTextureCoordinates,1,1,0.45,
SETTextureCoordinates,2,1,1,
SETTextureCoordinates,3,0,0,
SETDecalTransparentColor,0,0,255,
SetEmissiveColor,0,0,0,

CreateMeshbuilder,
ADDVertex,1.5,3.6,20.83,
ADDVertex,1.558,3.2718,20.83,
ADDVertex,1.558,3.2718,19.14,
ADDVertex,1.5,3.6,19.14,
ADDFace,3,2,1,0,
GenerateNormals,
LoadTexture,blue\blue.png,
SETTextureCoordinates,0,1,0,
SETTextureCoordinates,1,1,0.45,
SETTextureCoordinates,2,1,1,
SETTextureCoordinates,3,0,0,
SETDecalTransparentColor,0,0,255,
SetEmissiveColor,255,255,255,

CreateMeshbuilder,
ADDVertex,-1.5,3.6,20.83,
ADDVertex,-1.558,3.2718,20.83,
ADDVertex,-1.558,3.2718,19.14,
ADDVertex,-1.5,3.6,19.14,
ADDFace,3,2,1,0,
GenerateNormals,
LoadTexture,ext11.png,
SETTextureCoordinates,0,1,0,
SETTextureCoordinates,1,1,0.45,
SETTextureCoordinates,2,1,1,
SETTextureCoordinates,3,0,0,
SETDecalTransparentColor,0,0,255,
SetEmissiveColor,0,0,0,

CreateMeshbuilder,
ADDVertex,-1.5,3.6,20.83,
ADDVertex,-1.558,3.2718,20.83,
ADDVertex,-1.558,3.2718,19.14,
ADDVertex,-1.5,3.6,19.14,
ADDFace,0,1,2,3,
GenerateNormals,
LoadTexture,blue\blue.png,
SETTextureCoordinates,0,1,0,
SETTextureCoordinates,1,1,0.45,
SETTextureCoordinates,2,1,1,
SETTextureCoordinates,3,0,0,
SETDecalTransparentColor,0,0,255,
SetEmissiveColor,255,255,255,

CreateMeshbuilder,
ADDVertex,-1.41,3.6,20.83,
ADDVertex,-1.468,3.2718,20.83,
ADDVertex,-1.468,3.2718,19.14,
ADDVertex,-1.41,3.6,19.14,
ADDFace,3,2,1,0,
GenerateNormals,
LoadTexture,ext11.png,
SETTextureCoordinates,0,1,0,
SETTextureCoordinates,1,1,0.45,
SETTextureCoordinates,2,1,1,
SETTextureCoordinates,3,0,0,
SETDecalTransparentColor,0,0,255,
SetEmissiveColor,0,0,0,

CreateMeshbuilder,
ADDVertex,-1.41,3.6,20.83,
ADDVertex,-1.468,3.2718,20.83,
ADDVertex,-1.468,3.2718,19.14,
ADDVertex,-1.41,3.6,19.14,
ADDFace,0,1,2,3,
GenerateNormals,
LoadTexture,blue\blue.png,
SETTextureCoordinates,0,1,0,
SETTextureCoordinates,1,1,0.45,
SETTextureCoordinates,2,1,1,
SETTextureCoordinates,3,0,0,
SETDecalTransparentColor,0,0,255,
SetEmissiveColor,255,255,255,

CreateMeshbuilder,
ADDVertex,1.4,3.6,20.83,
ADDVertex,1.458,3.2718,20.83,
ADDVertex,1.458,3.2718,19.14,
ADDVertex,1.4,3.6,19.14,
ADDFace,0,1,2,3,
GenerateNormals,
LoadTexture,ext11.png,
SETTextureCoordinates,0,1,0,
SETTextureCoordinates,1,1,0.45,
SETTextureCoordinates,2,1,1,
SETTextureCoordinates,3,0,0,
SETDecalTransparentColor,0,0,255,
SetEmissiveColor,0,0,0,

CreateMeshbuilder,
ADDVertex,1.4,3.6,20.83,
ADDVertex,1.458,3.2718,20.83,
ADDVertex,1.458,3.2718,19.14,
ADDVertex,1.4,3.6,19.14,
ADDFace,3,2,1,0,
GenerateNormals,
LoadTexture,blue\blue.png,
SETTextureCoordinates,0,1,0,
SETTextureCoordinates,1,1,0.45,
SETTextureCoordinates,2,1,1,
SETTextureCoordinates,3,0,0,
SETDecalTransparentColor,0,0,255,
SetEmissiveColor,255,255,255,

;Roof
CreateMeshBuilder,
ADDVertex,0,3.95,23,
ADDVertex,0.6,3.85,23,
ADDVertex,1.5,3.6,23,
ADDVertex,0,3.95,0.9,
ADDVertex,0.6,3.85,0.9,
ADDVertex,1.5,3.6,0.9,
ADDFace2,0,1,4,3,
ADDFace2,1,2,5,4,
GenerateNormals,
LoadTexture,white.png,
SetEmissiveColor,0,0,0,

CreateMeshBuilder,
ADDVertex,0,3.95,0.9,
ADDVertex,-0.6,3.85,0.9,
ADDVertex,-1.5,3.6,0.9,
ADDVertex,0,3.95,23,
ADDVertex,-0.6,3.85,23,
ADDVertex,-1.5,3.6,23,
ADDFace2,0,1,4,3,
ADDFace2,1,2,5,4,
GenerateNormals,
LoadTexture,white.png,
SetEmissiveColor,0,0,0,

;Back Buffer
CreateMeshBuilder,
AddVertex,-1.4,3.5,1.46,
AddVertex,-1.4,3.628,1.46,
AddVertex,-1.1,3.71,1.46,
AddVertex,-0.8,3.793,1.46,
AddVertex,-0.67,3.83,1.46,
AddVertex,-0.65,3.836,1.46,
AddVertex,-0.63,3.842,1.46,
AddVertex,-0.5,3.867,1.46,
AddVertex,0,3.95,1.46,
AddVertex,0,3.7,1.46,
AddVertex,0,3.8,1.46,
AddVertex,0,3.5,1.46,
AddFace2,0,1,2,3,4,5,6,7,8,9,10,11,
GenerateNormals,
LoadTexture,blackgrey.png,
SetEmissiveColor,0,0,0,

CreateMeshBuilder,
AddVertex,-1.5,3.6,1.46,
AddVertex,-1.4,3.628,1.46,
AddVertex,-1.4,3.6,1.46,
AddFace2,0,1,2,
GenerateNormals,
LoadTexture,blackgrey.png,
SetEmissiveColor,0,0,0,

CreateMeshBuilder,
AddVertex,1.4,3.5,1.46,
AddVertex,1.4,3.628,1.46,
AddVertex,1.1,3.71,1.46,
AddVertex,0.8,3.793,1.46,
AddVertex,0.67,3.83,1.46,
AddVertex,0.65,3.836,1.46,
AddVertex,0.63,3.842,1.46,
AddVertex,0.5,3.867,1.46,
AddVertex,0,3.95,1.46,
AddVertex,0,3.7,1.46,
AddVertex,0,3.8,1.46,
AddVertex,0,3.5,1.46,
AddFace2,0,1,2,3,4,5,6,7,8,9,10,11,
GenerateNormals,
LoadTexture,blackgrey.png,
SetEmissiveColor,0,0,0,

CreateMeshBuilder,
AddVertex,1.5,3.6,1.46,
AddVertex,1.4,3.628,1.46,
AddVertex,1.4,3.6,1.46,
AddFace2,2,1,0,
GenerateNormals,
LoadTexture,blackgrey.png,
SetEmissiveColor,255,255,255,

;Inner Buffer Left
CreateMeshbuilder,
ADDVertex,-1.4,1.17,1.46,
ADDVertex,-1.4,3.5,1.46,
ADDVertex,-1.4,3.5,1.46,
ADDVertex,-1.4,1.17,1.06,
ADDVertex,-1.4,3.5,1.06,
ADDVertex,-1.4,3.5,1.06,
AddFace2,0,1,4,3,
AddFace2,1,2,5,4,
GenerateNormals,
LoadTexture,blackgrey.png,
SetEmissiveColor,0,0,0,

CreateMeshbuilder,
ADDVertex,-1.4,1.17,1.06,
ADDVertex,-1.4,3.5,1.06,
ADDVertex,-1.4,3.5,1.06,
ADDVertex,-1.4,1.17,0.46,
ADDVertex,-1.4,3.5,0.46,
ADDVertex,-1.4,3.5,0.46,
ADDFace2,0,1,4,3,
ADDFace2,1,2,5,4,
GenerateNormals,
LoadTexture,buffers.png,
SETTextureCoordinates,0,1,1,
SETTextureCoordinates,1,1,0,
SETTextureCoordinates,2,0,0,
SETTextureCoordinates,3,0,1,
SetEmissiveColor,0,0,0,

CreateMeshBuilder,
AddVertex,-1.8,1.9,1.46,
AddVertex,-1.694,2.5,1.46,
AddVertex,-1.623,2.9,1.46,
AddVertex,-1.6059,3,1.46,
AddVertex,-1.57,3.2,1.46,
AddVertex,-1.566,3.22,1.46,
AddVertex,-1.534,3.4,1.46,
AddVertex,-1.5177,3.5,1.46,
AddVertex,-1.503,3.58,1.46,
AddVertex,-1.5,3.6,1.46,
AddVertex,-1.465,3.6,1.46,
AddVertex,-1.4,3.6,1.46,
AddVertex,-1.4,3.6,1.46,
AddVertex,-1.4,3.58,1.46,
AddVertex,-1.4,3.5,1.46,
AddVertex,-1.4,3.4,1.46,
AddVertex,-1.4,3.22,1.46,
AddVertex,-1.4,3.2,1.46,
AddVertex,-1.4,3,1.46,
AddVertex,-1.4,2.9,1.46,
AddVertex,-1.4,2.5,1.46,
AddVertex,-1.4,1.9,1.46,
AddFace2,0,1,2,3,4,5,6,7,8,9,10,11,12,13,14,15,16,17,18,19,20,21,
GenerateNormals,
LoadTexture,blackgrey.png,
SetEmissiveColor,0,0,0,

CreateMeshBuilder,
AddVertex,-1.8,1.17,1.46,
AddVertex,-1.8,1.9,1.46,
AddVertex,-1.4,1.9,1.46,
AddVertex,-1.4,1.17,1.46,
AddFace2,0,1,2,3,
GenerateNormals,
LoadTexture,blackgrey.png,
SetEmissiveColor,0,0,0,

;Buffer Ceiling
CreateMeshBuilder,
AddVertex,-1.4,3.5,1.46,
AddVertex,-1.4,3.5,0.46,
AddVertex,1.4,3.5,0.46,
AddVertex,1.4,3.5,1.46,
AddFace2,3,2,1,0,
GenerateNormals,
LoadTexture,blackgrey.png,
SetEmissiveColor,0,0,0,

;Inner Buffer Right
CreateMeshbuilder,
ADDVertex,1.4,1.17,1.46,
ADDVertex,1.4,3.5,1.46,
ADDVertex,1.4,3.5,1.46,
ADDVertex,1.4,1.17,1.06,
ADDVertex,1.4,3.5,1.06,
ADDVertex,1.4,3.5,1.06,
AddFace2,3,4,1,0,
AddFace2,4,5,2,1,
GenerateNormals,
LoadTexture,blackgrey.png,
SetEmissiveColor,0,0,0,

CreateMeshbuilder,
ADDVertex,1.4,1.17,1.06,
ADDVertex,1.4,3.5,1.06,
ADDVertex,1.4,3.5,1.06,
ADDVertex,1.4,1.17,0.46,
ADDVertex,1.4,3.5,0.46,
ADDVertex,1.4,3.5,0.46,
ADDFace2,3,4,1,0,
ADDFace2,4,5,2,1,
GenerateNormals,
LoadTexture,buffers.png,
SETTextureCoordinates,0,1,1,
SETTextureCoordinates,1,1,0,
SETTextureCoordinates,2,0,0,
SETTextureCoordinates,3,0,1,
SetEmissiveColor,0,0,0,

;In order to match the colour - multiple vertex is not so possible

CreateMeshBuilder,
AddVertex,1.4,1.9,1.46,
AddVertex,1.4,2.5,1.46,
AddVertex,1.694,2.5,1.46,
AddVertex,1.8,1.9,1.46,
AddFace,0,1,2,3
LoadTexture,blackgrey.png,
SetEmissiveColor,0,0,0,

CreateMeshBuilder,
AddVertex,1.4,2.5,1.46,
AddVertex,1.4,2.9,1.46,
AddVertex,1.623,2.9,1.46,
AddVertex,1.694,2.5,1.46,
AddFace,0,1,2,3
LoadTexture,blackgrey.png,
SetEmissiveColor,0,0,0,

CreateMeshBuilder,
AddVertex,1.4,2.9,1.46,
AddVertex,1.4,3,1.46,
AddVertex,1.6059,3,1.46,
AddVertex,1.623,2.9,1.46,
AddFace,0,1,2,3
LoadTexture,blackgrey.png,
SetEmissiveColor,0,0,0,

CreateMeshBuilder,
AddVertex,1.4,3,1.46,
AddVertex,1.4,3.2,1.46,
AddVertex,1.57,3.2,1.46,
AddVertex,1.6059,3,1.46,
AddFace,0,1,2,3
LoadTexture,blackgrey.png,
SetEmissiveColor,0,0,0,

CreateMeshBuilder,
AddVertex,1.4,3.2,1.46,
AddVertex,1.4,3.22,1.46,
AddVertex,1.566,3.22,1.46,
AddVertex,1.57,3.2,1.46,
AddFace,0,1,2,3
LoadTexture,blackgrey.png,
SetEmissiveColor,0,0,0,

CreateMeshBuilder,
AddVertex,1.4,3.22,1.46,
AddVertex,1.4,3.4,1.46,
AddVertex,1.534,3.4,1.46,
AddVertex,1.566,3.22,1.46,
AddFace,0,1,2,3
LoadTexture,blackgrey.png,
SetEmissiveColor,0,0,0,

CreateMeshBuilder,
AddVertex,1.4,3.4,1.46,
AddVertex,1.4,3.5,1.46,
AddVertex,1.5177,3.5,1.46,
AddVertex,1.534,3.4,1.46,
AddFace,0,1,2,3
LoadTexture,blackgrey.png,
SetEmissiveColor,0,0,0,

CreateMeshBuilder,
AddVertex,1.4,3.5,1.46,
AddVertex,1.4,3.58,1.46,
AddVertex,1.503,3.58,1.46,
AddVertex,1.5177,3.5,1.46,
AddFace,0,1,2,3
LoadTexture,blackgrey.png,
SetEmissiveColor,0,0,0,

CreateMeshBuilder,
AddVertex,1.4,3.58,1.46,
AddVertex,1.4,3.6,1.46,
AddVertex,1.5,3.6,1.46,
AddVertex,1.503,3.58,1.46,
AddFace,0,1,2,3
LoadTexture,blackgrey.png,
SetEmissiveColor,0,0,0,

CreateMeshBuilder,
AddVertex,1.8,1.17,1.46,
AddVertex,1.8,1.9,1.46,
AddVertex,1.4,1.9,1.46,
AddVertex,1.4,1.17,1.46,
AddFace2,3,2,1,0,
GenerateNormals,
LoadTexture,blackgrey.png,
SetEmissiveColor,0,0,0,

;Back Fire Extinguishers
CreateMeshbuilder,
ADDVertex,-0.74,1.5,1.76,
ADDVertex,-0.74,2,1.76,
ADDVertex,-0.74,2,2,
ADDVertex,-0.74,1.5,2,
ADDFace2,0,1,2,3,
GenerateNormals,
LoadTexture,common\fire_extinguisher-1.png,
SETTextureCoordinates,0,1,1,
SETTextureCoordinates,1,1,0,
SETTextureCoordinates,2,0,0,
SETTextureCoordinates,3,0,1,
SetEmissiveColor,255,255,255,

CreateMeshbuilder,
ADDVertex,-0.74,1.5,1.76,
ADDVertex,-0.74,2,1.76,
ADDVertex,-0.75,2,1.76,
ADDVertex,-0.75,1.5,1.76,
ADDFace2,0,1,2,3,
GenerateNormals,
LoadTexture,metalpole.png,
SETTextureCoordinates,0,1,1,
SETTextureCoordinates,1,1,0,
SETTextureCoordinates,2,0,0,
SETTextureCoordinates,3,0,1,
SetEmissiveColor,255,255,255,

CreateMeshbuilder,
ADDVertex,-0.74,1.5,2,
ADDVertex,-0.74,2,2,
ADDVertex,-0.75,2,2,
ADDVertex,-0.75,1.5,2,
ADDFace2,0,1,2,3,
GenerateNormals,
LoadTexture,metalpole.png,
SETTextureCoordinates,0,1,1,
SETTextureCoordinates,1,1,0,
SETTextureCoordinates,2,0,0,
SETTextureCoordinates,3,0,1,
SetEmissiveColor,255,255,255,

CreateMeshbuilder,
ADDVertex,-0.74,1.5,2,
ADDVertex,-0.74,1.5,1.76,
ADDVertex,-0.75,1.5,1.76,
ADDVertex,-0.75,1.5,2,
ADDFace2,0,1,2,3,
GenerateNormals,
LoadTexture,metalpole.png,
SETTextureCoordinates,0,1,1,
SETTextureCoordinates,1,1,0,
SETTextureCoordinates,2,0,0,
SETTextureCoordinates,3,0,1,
SetEmissiveColor,255,255,255,

CreateMeshbuilder,
ADDVertex,-0.74,2,2,
ADDVertex,-0.74,2,1.76,
ADDVertex,-0.75,2,1.76,
ADDVertex,-0.75,2,2,
ADDFace2,0,1,2,3,
GenerateNormals,
LoadTexture,metalpole.png,
SETTextureCoordinates,0,1,1,
SETTextureCoordinates,1,1,0,
SETTextureCoordinates,2,0,0,
SETTextureCoordinates,3,0,1,
SetEmissiveColor,255,255,255,

;Back Gangway Wall
CreateMeshbuilder,
ADDVertex,-0.75,1.17.5,1.7,
ADDVertex,-0.75,3.5,1.7,
ADDVertex,-0.75,3.5,2.06,
ADDVertex,-0.75,1.17,2.06,
ADDFace2,0,1,2,3,
GenerateNormals,
LoadTexture,common\PreGangway-1.png,
SETTextureCoordinates,0,1,1,
SETTextureCoordinates,1,1,0,
SETTextureCoordinates,2,0,0,
SETTextureCoordinates,3,0,1,
SetEmissiveColor,255,255,255,

CreateMeshbuilder,
ADDVertex,-0.7,3.3,0.9,
ADDVertex,-0.7,1.17,0.9,
ADDVertex,-0.7,1.17,1.7,
ADDVertex,-0.7,3.3,1.7,
ADDFace2,0,1,2,3,
GenerateNormals,
LoadTexture,common\outer-gangway-1.png,
SETTextureCoordinates,0,1,1,
SETTextureCoordinates,1,1,0,
SETTextureCoordinates,2,0,0,
SETTextureCoordinates,3,0,1,
SetEmissiveColor,255,255,255,

CreateMeshbuilder,
ADDVertex,-0.7,3.3,0.9,
ADDVertex,-0.7,1.17,0.9,
ADDVertex,-0.75,1.17,0.9,
ADDVertex,-0.75,3.3,0.9,
ADDFace2,0,1,2,3,
GenerateNormals,
LoadTexture,metalpole.png,
SetEmissiveColor,255,255,255,

CreateMeshbuilder,
ADDVertex,-0.7,3.3,1,
ADDVertex,-0.7,1.17,1,
ADDVertex,-0.75,1.17,1,
ADDVertex,-0.75,3.3,1,
ADDFace2,0,1,2,3,
GenerateNormals,
LoadTexture,metalpole.png,
SetEmissiveColor,255,255,255,

CreateMeshbuilder,
ADDVertex,-0.7,3.3,1.7,
ADDVertex,-0.7,1.17,1.7,
ADDVertex,-0.75,1.17,1.7,
ADDVertex,-0.75,3.3,1.7,
ADDFace2,0,1,2,3,
GenerateNormals,
LoadTexture,metalpole.png,
SetEmissiveColor,255,255,255,

CreateMeshbuilder,
ADDVertex,-0.75,3.3,0.65,
ADDVertex,-0.75,1.17,0.65,
ADDVertex,-0.75,1.17,1,
ADDVertex,-0.75,3.3,1,
ADDFace2,0,1,2,3,
GenerateNormals,
LoadTexture,common\inner-gangway.png,
SETTextureCoordinates,0,1,1,
SETTextureCoordinates,1,1,0,
SETTextureCoordinates,2,0,0,
SETTextureCoordinates,3,0,1,
SetEmissiveColor,255,255,255,

CreateMeshbuilder,
ADDVertex,0.75,1.17.5,1.7,
ADDVertex,0.75,3.5,1.7,
ADDVertex,0.75,3.5,2.06,
ADDVertex,0.75,1.17,2.06,
ADDFace2,0,1,2,3,
GenerateNormals,
LoadTexture,common\PreGangway-1.png,
SETTextureCoordinates,0,1,1,
SETTextureCoordinates,1,1,0,
SETTextureCoordinates,2,0,0,
SETTextureCoordinates,3,0,1,
SetEmissiveColor,255,255,255,

CreateMeshbuilder,
ADDVertex,0.7,3.3,0.9,
ADDVertex,0.7,1.17,0.9,
ADDVertex,0.7,1.17,1.7,
ADDVertex,0.7,3.3,1.7,
ADDFace2,0,1,2,3,
GenerateNormals,
LoadTexture,common\outer-gangway-1.png,
SETTextureCoordinates,0,1,1,
SETTextureCoordinates,1,1,0,
SETTextureCoordinates,2,0,0,
SETTextureCoordinates,3,0,1,
SetEmissiveColor,255,255,255,

CreateMeshbuilder,
ADDVertex,0.7,3.3,0.9,
ADDVertex,0.7,1.17,0.9,
ADDVertex,0.75,1.17,0.9,
ADDVertex,0.75,3.3,0.9,
ADDFace2,0,1,2,3,
GenerateNormals,
LoadTexture,metalpole.png,
SetEmissiveColor,255,255,255,

CreateMeshbuilder,
ADDVertex,0.7,3.3,1,
ADDVertex,0.7,1.17,1,
ADDVertex,0.75,1.17,1,
ADDVertex,0.75,3.3,1,
ADDFace2,0,1,2,3,
GenerateNormals,
LoadTexture,metalpole.png,
SetEmissiveColor,255,255,255,

CreateMeshbuilder,
ADDVertex,0.7,3.3,1.7,
ADDVertex,0.7,1.17,1.7,
ADDVertex,0.75,1.17,1.7,
ADDVertex,0.75,3.3,1.7,
ADDFace2,0,1,2,3,
GenerateNormals,
LoadTexture,metalpole.png,
SetEmissiveColor,255,255,255,

CreateMeshbuilder,
ADDVertex,0.75,3.3,0.65,
ADDVertex,0.75,1.17,0.65,
ADDVertex,0.75,1.17,1,
ADDVertex,0.75,3.3,1,
ADDFace2,0,1,2,3,
GenerateNormals,
LoadTexture,common\inner-gangway.png,
SETTextureCoordinates,0,1,1,
SETTextureCoordinates,1,1,0,
SETTextureCoordinates,2,0,0,
SETTextureCoordinates,3,0,1,
SetEmissiveColor,255,255,255,

;Back Gangway Roof
CreateMeshBuilder,
AddVertex,0.75,3.3,2.06,
AddVertex,0.75,3.3,1.7,
AddVertex,-0.75,3.3,1.7,
AddVertex,-0.75,3.3,2.06,
AddFace2,0,1,2,3,
GenerateNormals,
LoadTexture,blue\blue.png,
SetEmissiveColor,255,255,255,

CreateMeshBuilder,
AddVertex,0.75,3.3,1.7,
AddVertex,0.75,3.3,0.65,
AddVertex,-0.75,3.3,0.65,
AddVertex,-0.75,3.3,1.7,
AddFace2,0,1,2,3,
GenerateNormals,
LoadTexture,common\gangway-roof.png,
SETTextureCoordinates,0,1,1,
SETTextureCoordinates,1,1,0,
SETTextureCoordinates,2,0,0,
SETTextureCoordinates,3,0,1,
SetEmissiveColor,255,255,255,

CreateMeshBuilder,
AddVertex,0.3,3.25,1.7,
AddVertex,0.75,3.25,0.65,
AddVertex,-0.75,3.25,0.65,
AddVertex,-0.3,3.25,1.7,
AddFace2,0,1,2,3,
GenerateNormals,
LoadTexture,common\gangway-roof.png,
SETTextureCoordinates,0,1,1,
SETTextureCoordinates,1,1,0,
SETTextureCoordinates,2,0,0,
SETTextureCoordinates,3,0,1,
SetEmissiveColor,255,255,255,

CreateMeshBuilder,
AddVertex,-0.3,3.25,1.7,
AddVertex,-0.3,3.3,1.7,
AddVertex,0.3,3.3,1.7,
AddVertex,0.3,3.25,1.7,
AddFace2,0,1,2,3,
GenerateNormals,
LoadTexture,metalpole.png,
SETTextureCoordinates,0,1,1,
SETTextureCoordinates,1,1,0,
SETTextureCoordinates,2,0,0,
SETTextureCoordinates,3,0,1,
SetEmissiveColor,255,255,255,

CreateMeshBuilder,
AddVertex,-0.75,3.25,0.65,
AddVertex,-0.75,3.3,0.65,
AddVertex,-0.3,3.3,1.7,
AddVertex,-0.3,3.25,1.7,
AddFace2,0,1,2,3,
GenerateNormals,
LoadTexture,metalpole.png,
SETTextureCoordinates,0,1,1,
SETTextureCoordinates,1,1,0,
SETTextureCoordinates,2,0,0,
SETTextureCoordinates,3,0,1,
SetEmissiveColor,255,255,255,

CreateMeshBuilder,
AddVertex,0.75,3.25,0.65,
AddVertex,0.75,3.3,0.65,
AddVertex,0.3,3.3,1.7,
AddVertex,0.3,3.25,1.7,
AddFace2,0,1,2,3,
GenerateNormals,
LoadTexture,metalpole.png,
SETTextureCoordinates,0,1,1,
SETTextureCoordinates,1,1,0,
SETTextureCoordinates,2,0,0,
SETTextureCoordinates,3,0,1,
SetEmissiveColor,255,255,255,

CreateMeshBuilder,
AddVertex,-0.75,3.25,0.65,
AddVertex,-0.75,3.3,0.65,
AddVertex,0.75,3.3,0.65,
AddVertex,0.75,3.25,0.65,
AddFace2,0,1,2,3,
GenerateNormals,
LoadTexture,metalpole.png,
SETTextureCoordinates,0,1,1,
SETTextureCoordinates,1,1,0,
SETTextureCoordinates,2,0,0,
SETTextureCoordinates,3,0,1,
SetEmissiveColor,255,255,255,

;Back Car End
CreateMeshbuilder,
ADDVertex,1.45,3.6,2.06,
ADDVertex,1.45,1.9,2.06,
ADDVertex,1.45,1.5,2.06,
ADDVertex,-0.147,3.6,2.06,
ADDVertex,-0.147,1.9,2.06,
ADDVertex,-0.147,1.5,2.06,
ADDFace,3,4,1,0,
ADDFace,4,5,2,1,
GenerateNormals,
LoadTexture,int_end1.png,
SETTextureCoordinates,0,0,0,
SETTextureCoordinates,1,0,0.6,
SETTextureCoordinates,2,0,0.84,
SETTextureCoordinates,3,0.5,0,
SETTextureCoordinates,4,0.5,0.6,
SETTextureCoordinates,5,0.5,0.84,
SETDecalTransparentColor,0,0,255,
SetEmissiveColor,255,255,255,

CreateMeshbuilder,
ADDVertex,-1.45,3.6,2.06,
ADDVertex,-1.45,1.9,2.06,
ADDVertex,-1.45,1.5,2.06,
ADDVertex,0.168,3.6,2.06,
ADDVertex,0.168,1.9,2.06,
ADDVertex,0.168,1.5,2.06,
ADDFace,0,1,4,3,
ADDFace,1,2,5,4,
GenerateNormals,
LoadTexture,int_end1.png,
SETTextureCoordinates,0,0,0,
SETTextureCoordinates,1,0,0.6,
SETTextureCoordinates,2,0,0.84,
SETTextureCoordinates,3,-0.5,0,
SETTextureCoordinates,4,-0.5,0.6,
SETTextureCoordinates,5,-0.5,0.84,
SETDecalTransparentColor,0,0,255,
SetEmissiveColor,255,255,255,

;Patch Car end

;In order to match the colour - multiple vertex is not so possible

CreateMeshBuilder,
AddVertex,-1.45,1.5,2.06,
AddVertex,-1.45,1.9,2.06,
AddVertex,-1.8,1.9,2.06,
AddVertex,-1.8,1.5,2.06,
AddFace,0,1,2,3
LoadTexture,blue\blue.png,
SetEmissiveColor,255,255,255,

CreateMeshBuilder,
AddVertex,-1.45,1.9,2.06,
AddVertex,-1.45,2.5,2.06,
AddVertex,-1.694,2.5,2.06,
AddVertex,-1.8,1.9,2.06,
AddFace,0,1,2,3
LoadTexture,blue\blue.png,
SetEmissiveColor,255,255,255,

CreateMeshBuilder,
AddVertex,-1.45,2.5,2.06,
AddVertex,-1.45,2.9,2.06,
AddVertex,-1.623,2.9,2.06,
AddVertex,-1.694,2.5,2.06,
AddFace,0,1,2,3
LoadTexture,blue\blue.png,
SetEmissiveColor,255,255,255,

CreateMeshBuilder,
AddVertex,-1.45,2.9,2.06,
AddVertex,-1.45,3,2.06,
AddVertex,-1.6059,3,2.06,
AddVertex,-1.623,2.9,2.06,
AddFace,0,1,2,3
LoadTexture,blue\blue.png,
SetEmissiveColor,255,255,255,

CreateMeshBuilder,
AddVertex,-1.45,3,2.06,
AddVertex,-1.45,3.2,2.06,
AddVertex,-1.57,3.2,2.06,
AddVertex,-1.6059,3,2.06,
AddFace,0,1,2,3
LoadTexture,blue\blue.png,
SetEmissiveColor,255,255,255,

CreateMeshBuilder,
AddVertex,-1.45,3.2,2.06,
AddVertex,-1.45,3.22,2.06,
AddVertex,-1.566,3.22,2.06,
AddVertex,-1.57,3.2,2.06,
AddFace,0,1,2,3
LoadTexture,blue\blue.png,
SetEmissiveColor,255,255,255,

CreateMeshBuilder,
AddVertex,-1.45,3.22,2.06,
AddVertex,-1.45,3.4,2.06,
AddVertex,-1.534,3.4,2.06,
AddVertex,-1.566,3.22,2.06,
AddFace,0,1,2,3
LoadTexture,blue\blue.png,
SetEmissiveColor,255,255,255,

CreateMeshBuilder,
AddVertex,-1.45,3.4,2.06,
AddVertex,-1.45,3.5,2.06,
AddVertex,-1.5177,3.5,2.06,
AddVertex,-1.534,3.4,2.06,
AddFace,0,1,2,3
LoadTexture,blue\blue.png,
SetEmissiveColor,255,255,255,

CreateMeshBuilder,
AddVertex,-1.45,3.5,2.06,
AddVertex,-1.45,3.58,2.06,
AddVertex,-1.503,3.58,2.06,
AddVertex,-1.5177,3.5,2.06,
AddFace,0,1,2,3
LoadTexture,blue\blue.png,
SetEmissiveColor,255,255,255,

CreateMeshBuilder,
AddVertex,-1.45,3.58,2.06,
AddVertex,-1.45,3.6,2.06,
AddVertex,-1.5,3.6,2.06,
AddVertex,-1.503,3.58,2.06,
AddFace,0,1,2,3
LoadTexture,blue\blue.png,
SetEmissiveColor,255,255,255,

CreateMeshBuilder,
AddVertex,1.8,1.5,2.06,
AddVertex,1.8,1.9,2.06,
AddVertex,1.694,2.5,2.06,
AddVertex,1.623,2.9,2.06,
AddVertex,1.6059,3,2.06,
AddVertex,1.57,3.2,2.06,
AddVertex,1.566,3.22,2.06,
AddVertex,1.534,3.4,2.06,
AddVertex,1.5177,3.5,2.06,
AddVertex,1.503,3.58,2.06,
AddVertex,1.5,3.6,2.06,
AddVertex,1.465,3.6,2.06,
AddVertex,1.45,3.6,2.06,
AddVertex,1.45,3.6,2.06,
AddVertex,1.45,3.58,2.06,
AddVertex,1.45,3.5,2.06,
AddVertex,1.45,3.4,2.06,
AddVertex,1.45,3.22,2.06,
AddVertex,1.45,3.2,2.06,
AddVertex,1.45,3,2.06,
AddVertex,1.45,2.9,2.06,
AddVertex,1.45,2.5,2.06,
AddVertex,1.45,1.9,2.06,
AddVertex,1.45,1.5,2.06,
AddFace,0,1,2,3,4,5,6,7,8,9,10,11,12,13,14,15,16,17,18,19,20,21,22,23,
LoadTexture,blue\blue.png,
SetEmissiveColor,255,255,255,

CreateMeshBuilder,
AddVertex,-0.75,1.17,2.06,
AddVertex,-0.75,1.5,2.06,
AddVertex,-1.8,1.5,2.06,
AddVertex,-1.8,1.17,2.06,
AddFace,0,1,2,3,
GenerateNormals,
LoadTexture,int_end1.png,
SETTextureCoordinates,0,0.79,1,
SETTextureCoordinates,1,0.79,0.84,
SETTextureCoordinates,2,1,0.84,
SETTextureCoordinates,3,1,1,
SetEmissiveColor,255,255,255,
SETDecalTransparentColor,0,0,255,

CreateMeshBuilder,
AddVertex,1.8,1.17,2.06,
AddVertex,1.8,1.5,2.06,
AddVertex,0.75,1.5,2.06,
AddVertex,0.75,1.17,2.06,
AddFace,0,1,2,3,
GenerateNormals,
LoadTexture,int_end1.png,
SETTextureCoordinates,0,0,1,
SETTextureCoordinates,1,0,0.84,
SETTextureCoordinates,2,0.2118,0.84,
SETTextureCoordinates,3,0.2118,1,
SetEmissiveColor,255,255,255,
SETDecalTransparentColor,0,0,255,

;Back Car End (Backside)
CreateMeshBuilder,
AddVertex,-1.8,1.9,2.06,
AddVertex,-1.694,2.5,2.06,
AddVertex,-1.623,2.9,2.06,
AddVertex,-1.6059,3,2.06,
AddVertex,-1.57,3.2,2.06,
AddVertex,-1.566,3.22,2.06,
AddVertex,-1.534,3.4,2.06,
AddVertex,-1.5177,3.5,2.06,
AddVertex,-1.503,3.58,2.06,
AddVertex,-1.5,3.6,2.06,
AddVertex,-1.465,3.6,2.06,
AddVertex,-1.45,3.6,2.06,
AddVertex,-1.45,3.6,2.06,
AddVertex,-1.45,3.58,2.06,
AddVertex,-1.45,3.5,2.06,
AddVertex,-1.45,3.4,2.06,
AddVertex,-1.45,3.22,2.06,
AddVertex,-1.45,3.2,2.06,
AddVertex,-1.45,3,2.06,
AddVertex,-1.45,2.9,2.06,
AddVertex,-1.45,2.5,2.06,
AddVertex,-1.45,1.9,2.06,
AddFace,0,1,2,3,4,5,6,7,8,9,10,11,12,13,14,15,16,17,18,19,20,21,
GenerateNormals,
LoadTexture,white.png,
SetEmissiveColor,255,255,255,

CreateMeshBuilder,
AddVertex,-1.45,1.9,2.06,
AddVertex,-1.45,3.6,2.06,
AddVertex,-0.75,3.6,2.06,
AddVertex,-0.75,1.9,2.06,
AddFace,0,1,2,3,
GenerateNormals,
LoadTexture,white.png,
SetEmissiveColor,255,255,255,

CreateMeshBuilder,
AddVertex,-1.8,1.17,2.06,
AddVertex,-1.8,1.9,2.06,
AddVertex,-0.75,1.9,2.06,
AddVertex,-0.75,1.17,2.06,
AddFace,0,1,2,3,
GenerateNormals,
LoadTexture,white.png,
SetEmissiveColor,255,255,255,

;In order to match the colour - multiple vertex is not so possible

CreateMeshBuilder,
AddVertex,1.45,1.9,2.06,
AddVertex,1.45,2.5,2.06,
AddVertex,1.694,2.5,2.06,
AddVertex,1.8,1.9,2.06,
AddFace,0,1,2,3
LoadTexture,white.png,
SetEmissiveColor,255,255,255,

CreateMeshBuilder,
AddVertex,1.45,2.5,2.06,
AddVertex,1.45,2.9,2.06,
AddVertex,1.623,2.9,2.06,
AddVertex,1.694,2.5,2.06,
AddFace,0,1,2,3
LoadTexture,white.png,
SetEmissiveColor,255,255,255,

CreateMeshBuilder,
AddVertex,1.45,2.9,2.06,
AddVertex,1.45,3,2.06,
AddVertex,1.6059,3,2.06,
AddVertex,1.623,2.9,2.06,
AddFace,0,1,2,3
LoadTexture,white.png,
SetEmissiveColor,255,255,255,

CreateMeshBuilder,
AddVertex,1.45,3,2.06,
AddVertex,1.45,3.2,2.06,
AddVertex,1.57,3.2,2.06,
AddVertex,1.6059,3,2.06,
AddFace,0,1,2,3
LoadTexture,white.png,
SetEmissiveColor,255,255,255,

CreateMeshBuilder,
AddVertex,1.45,3.2,2.06,
AddVertex,1.45,3.22,2.06,
AddVertex,1.566,3.22,2.06,
AddVertex,1.57,3.2,2.06,
AddFace,0,1,2,3
LoadTexture,white.png,
SetEmissiveColor,255,255,255,

CreateMeshBuilder,
AddVertex,1.45,3.22,2.06,
AddVertex,1.45,3.4,2.06,
AddVertex,1.534,3.4,2.06,
AddVertex,1.566,3.22,2.06,
AddFace,0,1,2,3
LoadTexture,white.png,
SetEmissiveColor,255,255,255,

CreateMeshBuilder,
AddVertex,1.45,3.4,2.06,
AddVertex,1.45,3.5,2.06,
AddVertex,1.5177,3.5,2.06,
AddVertex,1.534,3.4,2.06,
AddFace,0,1,2,3
LoadTexture,white.png,
SetEmissiveColor,255,255,255,

CreateMeshBuilder,
AddVertex,1.45,3.5,2.06,
AddVertex,1.45,3.58,2.06,
AddVertex,1.503,3.58,2.06,
AddVertex,1.5177,3.5,2.06,
AddFace,0,1,2,3
LoadTexture,white.png,
SetEmissiveColor,255,255,255,

CreateMeshBuilder,
AddVertex,1.45,3.58,2.06,
AddVertex,1.45,3.6,2.06,
AddVertex,1.5,3.6,2.06,
AddVertex,1.503,3.58,2.06,
AddFace,0,1,2,3
LoadTexture,white.png,
SetEmissiveColor,255,255,255,

CreateMeshBuilder,
AddVertex,1.45,1.9,2.06,
AddVertex,1.45,3.6,2.06,
AddVertex,0.75,3.6,2.06,
AddVertex,0.75,1.9,2.06,
AddFace,3,2,1,0,
GenerateNormals,
LoadTexture,white.png,
SetEmissiveColor,255,255,255,

CreateMeshBuilder,
AddVertex,1.8,1.17,2.06,
AddVertex,1.8,1.9,2.06,
AddVertex,0.75,1.9,2.06,
AddVertex,0.75,1.17,2.06,
AddFace,3,2,1,0,
GenerateNormals,
LoadTexture,white.png,
SetEmissiveColor,255,255,255,

CreateMeshBuilder,
AddVertex,-0.75,3.3,2.06,
AddVertex,-0.75,3.6,2.06,
AddVertex,0,3.6,2.06,
AddVertex,0,3.3,2.06,
AddFace,0,1,2,3,
GenerateNormals,
LoadTexture,white.png,
SetEmissiveColor,255,255,255,

CreateMeshBuilder,
AddVertex,0.75,3.3,2.06,
AddVertex,0.75,3.6,2.06,
AddVertex,0,3.6,2.06,
AddVertex,0,3.3,2.06,
AddFace,3,2,1,0,
GenerateNormals,
LoadTexture,white.png,
SetEmissiveColor,255,255,255,

;Front Buffer
CreateMeshBuilder,
AddVertex,-1.4,3.5,22.5,
AddVertex,-1.4,3.628,22.5,
AddVertex,-1.1,3.71,22.5,
AddVertex,-0.8,3.793,22.5,
AddVertex,-0.67,3.83,22.5,
AddVertex,-0.65,3.836,22.5,
AddVertex,-0.63,3.842,22.5,
AddVertex,-0.5,3.867,22.5,
AddVertex,0,3.95,22.5,
AddVertex,0,3.7,22.5,
AddVertex,0,3.8,22.5,
AddVertex,0,3.5,22.5,
AddFace2,0,1,2,3,4,5,6,7,8,9,10,11,
GenerateNormals,
LoadTexture,blackgrey.png,
SetEmissiveColor,0,0,0,

CreateMeshBuilder,
AddVertex,-1.5,3.6,22.5,
AddVertex,-1.4,3.628,22.5,
AddVertex,-1.4,3.6,22.5,
AddFace2,0,1,2,
GenerateNormals,
LoadTexture,blackgrey.png,
SetEmissiveColor,0,0,0,

CreateMeshBuilder,
AddVertex,1.4,3.5,22.5,
AddVertex,1.4,3.628,22.5,
AddVertex,1.1,3.71,22.5,
AddVertex,0.8,3.793,22.5,
AddVertex,0.67,3.83,22.5,
AddVertex,0.65,3.836,22.5,
AddVertex,0.63,3.842,22.5,
AddVertex,0.5,3.867,22.5,
AddVertex,0,3.95,22.5,
AddVertex,0,3.7,22.5,
AddVertex,0,3.8,22.5,
AddVertex,0,3.5,22.5,
AddFace2,0,1,2,3,4,5,6,7,8,9,10,11,
GenerateNormals,
LoadTexture,blackgrey.png,
SetEmissiveColor,0,0,0,

CreateMeshBuilder,
AddVertex,1.5,3.6,22.5,
AddVertex,1.4,3.628,22.5,
AddVertex,1.4,3.6,22.5,
AddFace2,2,1,0,
GenerateNormals,
LoadTexture,blackgrey.png,
SetEmissiveColor,0,0,0,

;Inner Buffer Left
CreateMeshbuilder,
ADDVertex,-1.4,1.17,22.5,
ADDVertex,-1.4,3.5,22.5,
ADDVertex,-1.4,3.5,22.5,
ADDVertex,-1.4,1.17,22.9,
ADDVertex,-1.4,3.5,22.9,
ADDVertex,-1.4,3.5,22.9,
ADDFace2,0,1,4,3,
ADDFace2,1,2,5,4,
GenerateNormals,
LoadTexture,blackgrey.png,
SetEmissiveColor,0,0,0,

CreateMeshbuilder,
ADDVertex,-1.4,1.17,22.9,
ADDVertex,-1.4,3.5,22.9,
ADDVertex,-1.4,3.5,22.9,
ADDVertex,-1.4,1.17,23.35,
ADDVertex,-1.4,3.5,23.35,
ADDVertex,-1.4,3.5,23.35,
ADDFace2,0,1,4,3,
ADDFace2,1,2,5,4,
GenerateNormals,
LoadTexture,buffers.png,
SETTextureCoordinates,0,1,1,
SETTextureCoordinates,1,1,0,
SETTextureCoordinates,2,0,0,
SETTextureCoordinates,3,0,1,
SetEmissiveColor,0,0,0,

CreateMeshBuilder,
AddVertex,-1.8,1.9,22.5,
AddVertex,-1.694,2.5,22.5,
AddVertex,-1.623,2.9,22.5,
AddVertex,-1.6059,3,22.5,
AddVertex,-1.57,3.2,22.5,
AddVertex,-1.566,3.22,22.5,
AddVertex,-1.534,3.4,22.5,
AddVertex,-1.5177,3.5,22.5,
AddVertex,-1.503,3.58,22.5,
AddVertex,-1.5,3.6,22.5,
AddVertex,-1.465,3.6,22.5,
AddVertex,-1.4,3.6,22.5,
AddVertex,-1.4,3.6,22.5,
AddVertex,-1.4,3.58,22.5,
AddVertex,-1.4,3.5,22.5,
AddVertex,-1.4,3.4,22.5,
AddVertex,-1.4,3.22,22.5,
AddVertex,-1.4,3.2,22.5,
AddVertex,-1.4,3,22.5,
AddVertex,-1.4,2.9,22.5,
AddVertex,-1.4,2.5,22.5,
AddVertex,-1.4,1.9,22.5,
AddFace2,0,1,2,3,4,5,6,7,8,9,10,11,12,13,14,15,16,17,18,19,20,21,
GenerateNormals,
LoadTexture,blackgrey.png,
SetEmissiveColor,0,0,0,

CreateMeshBuilder,
AddVertex,-1.8,1.17,22.5,
AddVertex,-1.8,1.9,22.5,
AddVertex,-1.4,1.9,22.5,
AddVertex,-1.4,1.17,22.5,
AddFace2,0,1,2,3,
GenerateNormals,
LoadTexture,blackgrey.png,
SetEmissiveColor,0,0,0,

;Buffer Ceiling
CreateMeshBuilder,
AddVertex,1.4,3.5,23.35,
AddVertex,1.4,3.5,22.5,
AddVertex,-1.4,3.5,22.5,
AddVertex,-1.4,3.5,23.35,
AddFace2,0,1,2,3,
GenerateNormals,
LoadTexture,blackgrey.png,
SetEmissiveColor,0,0,0,

;Inner Buffer Right
CreateMeshbuilder,
ADDVertex,1.4,1.17,22.5,
ADDVertex,1.4,3.5,22.5,
ADDVertex,1.4,3.5,22.5,
ADDVertex,1.4,1.17,22.9,
ADDVertex,1.4,3.5,22.9,
ADDVertex,1.4,3.5,22.9,
ADDFace2,0,1,4,3,
ADDFace2,1,2,5,4,
GenerateNormals,
LoadTexture,blackgrey.png,
SetEmissiveColor,0,0,0,

CreateMeshbuilder,
ADDVertex,1.4,1.17,22.9,
ADDVertex,1.4,3.5,22.9,
ADDVertex,1.4,3.5,22.9,
ADDVertex,1.4,1.17,23.35,
ADDVertex,1.4,3.5,23.35,
ADDVertex,1.4,3.5,23.35,
ADDFace2,0,1,4,3,
ADDFace2,1,2,5,4,
GenerateNormals,
LoadTexture,buffers.png,
SETTextureCoordinates,0,1,1,
SETTextureCoordinates,1,1,0,
SETTextureCoordinates,2,0,0,
SETTextureCoordinates,3,0,1,
SetEmissiveColor,0,0,0,

CreateMeshBuilder,
AddVertex,1.8,1.9,22.5,
AddVertex,1.694,2.5,22.5,
AddVertex,1.623,2.9,22.5,
AddVertex,1.6059,3,22.5,
AddVertex,1.57,3.2,22.5,
AddVertex,1.566,3.22,22.5,
AddVertex,1.534,3.4,22.5,
AddVertex,1.5177,3.5,22.5,
AddVertex,1.503,3.58,22.5,
AddVertex,1.5,3.6,22.5,
AddVertex,1.465,3.6,22.5,
AddVertex,1.4,3.6,22.5,
AddVertex,1.4,3.6,22.5,
AddVertex,1.4,3.58,22.5,
AddVertex,1.4,3.5,22.5,
AddVertex,1.4,3.4,22.5,
AddVertex,1.4,3.22,22.5,
AddVertex,1.4,3.2,22.5,
AddVertex,1.4,3,22.5,
AddVertex,1.4,2.9,22.5,
AddVertex,1.4,2.5,22.5,
AddVertex,1.4,1.9,22.5,
AddFace2,0,1,2,3,4,5,6,7,8,9,10,11,12,13,14,15,16,17,18,19,20,21,
GenerateNormals,
LoadTexture,blackgrey.png,
SetEmissiveColor,0,0,0,

CreateMeshBuilder,
AddVertex,1.8,1.17,22.5,
AddVertex,1.8,1.9,22.5,
AddVertex,1.4,1.9,22.5,
AddVertex,1.4,1.17,22.5,
AddFace2,3,2,1,0,
GenerateNormals,
LoadTexture,blackgrey.png,
SetEmissiveColor,0,0,0,

;Front Fire Extinguishers
CreateMeshbuilder,
ADDVertex,-0.74,1.5,22.06,
ADDVertex,-0.74,2,22.06,
ADDVertex,-0.74,2,22.3,
ADDVertex,-0.74,1.5,22.3,
ADDFace2,0,1,2,3,
GenerateNormals,
LoadTexture,common\fire_extinguisher-1.png,
SETTextureCoordinates,0,1,1,
SETTextureCoordinates,1,1,0,
SETTextureCoordinates,2,0,0,
SETTextureCoordinates,3,0,1,
SetEmissiveColor,255,255,255,

CreateMeshbuilder,
ADDVertex,-0.74,1.5,22.06,
ADDVertex,-0.74,2,22.06,
ADDVertex,-0.75,2,22.06,
ADDVertex,-0.75,1.5,22.06,
ADDFace2,0,1,2,3,
GenerateNormals,
LoadTexture,metalpole.png,
SETTextureCoordinates,0,1,1,
SETTextureCoordinates,1,1,0,
SETTextureCoordinates,2,0,0,
SETTextureCoordinates,3,0,1,
SetEmissiveColor,255,255,255,

CreateMeshbuilder,
ADDVertex,-0.74,1.5,22.3,
ADDVertex,-0.74,2,22.3,
ADDVertex,-0.75,2,22.3,
ADDVertex,-0.75,1.5,22.3,
ADDFace2,0,1,2,3,
GenerateNormals,
LoadTexture,metalpole.png,
SETTextureCoordinates,0,1,1,
SETTextureCoordinates,1,1,0,
SETTextureCoordinates,2,0,0,
SETTextureCoordinates,3,0,1,
SetEmissiveColor,255,255,255,

CreateMeshbuilder,
ADDVertex,-0.74,1.5,22.3,
ADDVertex,-0.74,1.5,22.06,
ADDVertex,-0.75,1.5,22.06,
ADDVertex,-0.75,1.5,22.3,
ADDFace2,0,1,2,3,
GenerateNormals,
LoadTexture,metalpole.png,
SETTextureCoordinates,0,1,1,
SETTextureCoordinates,1,1,0,
SETTextureCoordinates,2,0,0,
SETTextureCoordinates,3,0,1,
SetEmissiveColor,255,255,255,

CreateMeshbuilder,
ADDVertex,-0.74,2,22.3,
ADDVertex,-0.74,2,22.06,
ADDVertex,-0.75,2,22.06,
ADDVertex,-0.75,2,22.3,
ADDFace2,0,1,2,3,
GenerateNormals,
LoadTexture,metalpole.png,
SETTextureCoordinates,0,1,1,
SETTextureCoordinates,1,1,0,
SETTextureCoordinates,2,0,0,
SETTextureCoordinates,3,0,1,
SetEmissiveColor,255,255,255,

;Front Gangway Wall
CreateMeshbuilder,
ADDVertex,-0.75,1.17,22.36,
ADDVertex,-0.75,3.5,22.36,
ADDVertex,-0.75,3.5,22,
ADDVertex,-0.75,1.17,22,
ADDFace2,0,1,2,3,
GenerateNormals,
LoadTexture,common\PreGangway-1.png,
SETTextureCoordinates,0,1,1,
SETTextureCoordinates,1,1,0,
SETTextureCoordinates,2,0,0,
SETTextureCoordinates,3,0,1,
SetEmissiveColor,255,255,255,

CreateMeshbuilder,
ADDVertex,-0.7,3.3,23.16,
ADDVertex,-0.7,1.17,23.16,
ADDVertex,-0.7,1.17,22.36,
ADDVertex,-0.7,3.3,22.36,
ADDFace2,0,1,2,3,
GenerateNormals,
LoadTexture,common\outer-gangway-1.png,
SETTextureCoordinates,0,1,1,
SETTextureCoordinates,1,1,0,
SETTextureCoordinates,2,0,0,
SETTextureCoordinates,3,0,1,
SetEmissiveColor,255,255,255,

CreateMeshbuilder,
ADDVertex,-0.7,3.3,23.16,
ADDVertex,-0.7,1.17,23.16,
ADDVertex,-0.75,1.17,23.16,
ADDVertex,-0.75,3.3,23.16,
ADDFace2,0,1,2,3,
GenerateNormals,
LoadTexture,metalpole.png,
SetEmissiveColor,255,255,255,

CreateMeshbuilder,
ADDVertex,-0.7,3.3,23.06,
ADDVertex,-0.7,1.17,23.06,
ADDVertex,-0.75,1.17,23.06,
ADDVertex,-0.75,3.3,23.06,
ADDFace2,0,1,2,3,
GenerateNormals,
LoadTexture,metalpole.png,
SetEmissiveColor,255,255,255,

CreateMeshbuilder,
ADDVertex,-0.7,3.3,22.36,
ADDVertex,-0.7,1.17,22.36,
ADDVertex,-0.75,1.17,22.36,
ADDVertex,-0.75,3.3,22.36,
ADDFace2,0,1,2,3,
GenerateNormals,
LoadTexture,metalpole.png,
SetEmissiveColor,255,255,255,

CreateMeshbuilder,
ADDVertex,-0.75,3.3,23.06,
ADDVertex,-0.75,1.17,23.06,
ADDVertex,-0.75,1.17,23.35,
ADDVertex,-0.75,3.3,23.35,
ADDFace2,0,1,2,3,
GenerateNormals,
LoadTexture,common\inner-gangway.png,
SETTextureCoordinates,0,1,1,
SETTextureCoordinates,1,1,0,
SETTextureCoordinates,2,0,0,
SETTextureCoordinates,3,0,1,
SetEmissiveColor,255,255,255,

CreateMeshbuilder,
ADDVertex,0.75,1.17,22.36,
ADDVertex,0.75,3.5,22.36,
ADDVertex,0.75,3.5,22,
ADDVertex,0.75,1.17,22,
ADDFace2,0,1,2,3,
GenerateNormals,
LoadTexture,common\PreGangway-1.png,
SETTextureCoordinates,0,1,1,
SETTextureCoordinates,1,1,0,
SETTextureCoordinates,2,0,0,
SETTextureCoordinates,3,0,1,
SetEmissiveColor,255,255,255,

CreateMeshbuilder,
ADDVertex,0.7,3.3,23.16,
ADDVertex,0.7,1.17,23.16,
ADDVertex,0.7,1.17,22.36,
ADDVertex,0.7,3.3,22.36,
ADDFace2,0,1,2,3,
GenerateNormals,
LoadTexture,common\outer-gangway-1.png,
SETTextureCoordinates,0,1,1,
SETTextureCoordinates,1,1,0,
SETTextureCoordinates,2,0,0,
SETTextureCoordinates,3,0,1,
SetEmissiveColor,255,255,255,

CreateMeshbuilder,
ADDVertex,0.7,3.3,23.06,
ADDVertex,0.7,1.17,23.06,
ADDVertex,0.75,1.17,23.06,
ADDVertex,0.75,3.3,23.06,
ADDFace2,0,1,2,3,
GenerateNormals,
LoadTexture,metalpole.png,
SetEmissiveColor,255,255,255,

CreateMeshbuilder,
ADDVertex,0.7,3.3,23.16,
ADDVertex,0.7,1.17,23.16,
ADDVertex,0.75,1.17,23.16,
ADDVertex,0.75,3.3,23.16,
ADDFace2,0,1,2,3,
GenerateNormals,
LoadTexture,metalpole.png,
SetEmissiveColor,255,255,255,

CreateMeshbuilder,
ADDVertex,0.7,3.3,22.36,
ADDVertex,0.7,1.17,22.36,
ADDVertex,0.75,1.17,22.36,
ADDVertex,0.75,3.3,22.36,
ADDFace2,0,1,2,3,
GenerateNormals,
LoadTexture,metalpole.png,
SetEmissiveColor,255,255,255,

CreateMeshbuilder,
ADDVertex,0.75,3.3,23.06,
ADDVertex,0.75,1.17,23.06,
ADDVertex,0.75,1.17,23.35,
ADDVertex,0.75,3.3,23.35,
ADDFace2,0,1,2,3,
GenerateNormals,
LoadTexture,common\inner-gangway.png,
SETTextureCoordinates,0,1,1,
SETTextureCoordinates,1,1,0,
SETTextureCoordinates,2,0,0,
SETTextureCoordinates,3,0,1,
SetEmissiveColor,255,255,255,

;Front Gangway Roof
CreateMeshBuilder,
AddVertex,0.75,3.3,22,
AddVertex,0.75,3.3,22.36,
AddVertex,-0.75,3.3,22.36,
AddVertex,-0.75,3.3,22,
AddFace2,0,1,2,3,
GenerateNormals,
LoadTexture,blue\blue.png,
SetEmissiveColor,255,255,255,

CreateMeshBuilder,
AddVertex,0.75,3.3,22.36,
AddVertex,0.75,3.3,23.35,
AddVertex,-0.75,3.3,23.35,
AddVertex,-0.75,3.3,22.36,
AddFace2,0,1,2,3,
GenerateNormals,
LoadTexture,common\gangway-roof.png,
SETTextureCoordinates,0,1,1,
SETTextureCoordinates,1,1,0,
SETTextureCoordinates,2,0,0,
SETTextureCoordinates,3,0,1,
SetEmissiveColor,255,255,255,

CreateMeshBuilder,
AddVertex,0.3,3.25,22.36,
AddVertex,0.75,3.25,23.35,
AddVertex,-0.75,3.25,23.35,
AddVertex,-0.3,3.25,22.36,
AddFace2,0,1,2,3,
GenerateNormals,
LoadTexture,common\gangway-roof.png,
SETTextureCoordinates,0,1,1,
SETTextureCoordinates,1,1,0,
SETTextureCoordinates,2,0,0,
SETTextureCoordinates,3,0,1,
SetEmissiveColor,255,255,255,

CreateMeshBuilder,
AddVertex,-0.3,3.25,22.36,
AddVertex,-0.3,3.3,22.36,
AddVertex,0.3,3.3,22.36,
AddVertex,0.3,3.25,22.36,
AddFace2,0,1,2,3,
GenerateNormals,
LoadTexture,metalpole.png,
SETTextureCoordinates,0,1,1,
SETTextureCoordinates,1,1,0,
SETTextureCoordinates,2,0,0,
SETTextureCoordinates,3,0,1,
SetEmissiveColor,255,255,255,

CreateMeshBuilder,
AddVertex,-0.75,3.25,23.35,
AddVertex,-0.75,3.3,23.35,
AddVertex,-0.3,3.3,22.36,
AddVertex,-0.3,3.25,22.36,
AddFace2,0,1,2,3,
GenerateNormals,
LoadTexture,metalpole.png,
SETTextureCoordinates,0,1,1,
SETTextureCoordinates,1,1,0,
SETTextureCoordinates,2,0,0,
SETTextureCoordinates,3,0,1,
SetEmissiveColor,255,255,255,

CreateMeshBuilder,
AddVertex,0.75,3.25,23.35,
AddVertex,0.75,3.3,23.35,
AddVertex,0.3,3.3,22.36,
AddVertex,0.3,3.25,22.36,
AddFace2,0,1,2,3,
GenerateNormals,
LoadTexture,metalpole.png,
SETTextureCoordinates,0,1,1,
SETTextureCoordinates,1,1,0,
SETTextureCoordinates,2,0,0,
SETTextureCoordinates,3,0,1,
SetEmissiveColor,255,255,255,

CreateMeshBuilder,
AddVertex,-0.75,3.25,23.35,
AddVertex,-0.75,3.3,23.35,
AddVertex,0.75,3.3,23.35,
AddVertex,0.75,3.25,23.35,
AddFace2,0,1,2,3,
GenerateNormals,
LoadTexture,metalpole.png,
SETTextureCoordinates,0,1,1,
SETTextureCoordinates,1,1,0,
SETTextureCoordinates,2,0,0,
SETTextureCoordinates,3,0,1,
SetEmissiveColor,255,255,255,

;Front Car End
CreateMeshbuilder,
ADDVertex,1.45,3.6,22,
ADDVertex,1.45,1.9,22,
ADDVertex,1.45,1.5,22,
ADDVertex,-0.168,3.6,22,
ADDVertex,-0.168,1.9,22,
ADDVertex,-0.168,1.5,22,
ADDFace,0,1,4,3,
ADDFace,1,2,5,4,
GenerateNormals,
LoadTexture,int_front1.png,
SETTextureCoordinates,0,0,0,
SETTextureCoordinates,1,0,0.6,
SETTextureCoordinates,2,0,0.84,
SETTextureCoordinates,3,-0.5,0,
SETTextureCoordinates,4,-0.5,0.6,
SETTextureCoordinates,5,-0.5,0.84,
SETDecalTransparentColor,0,0,255,
SetEmissiveColor,255,255,255,

CreateMeshbuilder,
ADDVertex,-1.45,3.6,22,
ADDVertex,-1.45,1.9,22,
ADDVertex,-1.45,1.5,22,
ADDVertex,0.147,3.6,22,
ADDVertex,0.147,1.9,22,
ADDVertex,0.147,1.5,22,
ADDFace,3,4,1,0,
ADDFace,4,5,2,1,
GenerateNormals,
LoadTexture,int_front1.png,
SETTextureCoordinates,0,0,0,
SETTextureCoordinates,1,0,0.6,
SETTextureCoordinates,2,0,0.84,
SETTextureCoordinates,3,0.5,0,
SETTextureCoordinates,4,0.5,0.6,
SETTextureCoordinates,5,0.5,0.84,
SETDecalTransparentColor,0,0,255,
SetEmissiveColor,255,255,255,

;Patch Car end
CreateMeshBuilder,
AddVertex,-1.8,1.5,22,
AddVertex,-1.8,1.9,22,
AddVertex,-1.694,2.5,22,
AddVertex,-1.623,2.9,22,
AddVertex,-1.6059,3,22,
AddVertex,-1.57,3.2,22,
AddVertex,-1.566,3.22,22,
AddVertex,-1.534,3.4,22,
AddVertex,-1.5177,3.5,22,
AddVertex,-1.503,3.58,22,
AddVertex,-1.5,3.6,22,
AddVertex,-1.465,3.6,22,
AddVertex,-1.45,3.6,22,
AddVertex,-1.45,3.6,22,
AddVertex,-1.45,3.58,22,
AddVertex,-1.45,3.5,22,
AddVertex,-1.45,3.4,22,
AddVertex,-1.45,3.22,22,
AddVertex,-1.45,3.2,22,
AddVertex,-1.45,3,22,
AddVertex,-1.45,2.9,22,
AddVertex,-1.45,2.5,22,
AddVertex,-1.45,1.9,22,
AddVertex,-1.45,1.5,22,
AddFace,0,1,2,3,4,5,6,7,8,9,10,11,12,13,14,15,16,17,18,19,20,21,22,23,
GenerateNormals,
LoadTexture,blue\blue.png,
SetEmissiveColor,255,255,255,

;In order to match the colour - multiple vertex is not so possible

CreateMeshBuilder,
AddVertex,1.45,1.5,22,
AddVertex,1.45,1.9,22,
AddVertex,1.8,1.9,22,
AddVertex,1.8,1.5,22,
AddFace,0,1,2,3
LoadTexture,blue\blue.png,
SetEmissiveColor,255,255,255,

CreateMeshBuilder,
AddVertex,1.45,1.9,22,
AddVertex,1.45,2.5,22,
AddVertex,1.694,2.5,22,
AddVertex,1.8,1.9,22,
AddFace,0,1,2,3
LoadTexture,blue\blue.png,
SetEmissiveColor,255,255,255,

CreateMeshBuilder,
AddVertex,1.45,2.5,22,
AddVertex,1.45,2.9,22,
AddVertex,1.623,2.9,22,
AddVertex,1.694,2.5,22,
AddFace,0,1,2,3
LoadTexture,blue\blue.png,
SetEmissiveColor,255,255,255,

CreateMeshBuilder,
AddVertex,1.45,2.9,22,
AddVertex,1.45,3,22,
AddVertex,1.6059,3,22,
AddVertex,1.623,2.9,22,
AddFace,0,1,2,3
LoadTexture,blue\blue.png,
SetEmissiveColor,255,255,255,

CreateMeshBuilder,
AddVertex,1.45,3,22,
AddVertex,1.45,3.2,22,
AddVertex,1.57,3.2,22,
AddVertex,1.6059,3,22,
AddFace,0,1,2,3
LoadTexture,blue\blue.png,
SetEmissiveColor,255,255,255,

CreateMeshBuilder,
AddVertex,1.45,3.2,22,
AddVertex,1.45,3.22,22,
AddVertex,1.566,3.22,22,
AddVertex,1.57,3.2,22,
AddFace,0,1,2,3
LoadTexture,blue\blue.png,
SetEmissiveColor,255,255,255,

CreateMeshBuilder,
AddVertex,1.45,3.22,22,
AddVertex,1.45,3.4,22,
AddVertex,1.534,3.4,22,
AddVertex,1.566,3.22,22,
AddFace,0,1,2,3
LoadTexture,blue\blue.png,
SetEmissiveColor,255,255,255,

CreateMeshBuilder,
AddVertex,1.45,3.4,22,
AddVertex,1.45,3.5,22,
AddVertex,1.5177,3.5,22,
AddVertex,1.534,3.4,22,
AddFace,0,1,2,3
LoadTexture,blue\blue.png,
SetEmissiveColor,255,255,255,

CreateMeshBuilder,
AddVertex,1.45,3.5,22,
AddVertex,1.45,3.58,22,
AddVertex,1.503,3.58,22,
AddVertex,1.5177,3.5,22,
AddFace,0,1,2,3
LoadTexture,blue\blue.png,
SetEmissiveColor,255,255,255,

CreateMeshBuilder,
AddVertex,1.45,3.58,22,
AddVertex,1.45,3.6,22,
AddVertex,1.5,3.6,22,
AddVertex,1.503,3.58,22,
AddFace,0,1,2,3
LoadTexture,blue\blue.png,
SetEmissiveColor,255,255,255,

CreateMeshBuilder,
AddVertex,-1.8,1.17,22,
AddVertex,-1.8,1.5,22,
AddVertex,-0.75,1.5,22,
AddVertex,-0.75,1.17,22,
AddFace,0,1,2,3,
GenerateNormals,
LoadTexture,int_front1.png,
SETTextureCoordinates,0,0,1,
SETTextureCoordinates,1,0,0.84,
SETTextureCoordinates,2,0.2118,0.84,
SETTextureCoordinates,3,0.2118,1,
SetEmissiveColor,255,255,255,
SETDecalTransparentColor,0,0,255,

CreateMeshBuilder,
AddVertex,0.75,1.17,22,
AddVertex,0.75,1.5,22,
AddVertex,1.8,1.5,22,
AddVertex,1.8,1.17,22,
AddFace,0,1,2,3,
GenerateNormals,
LoadTexture,int_front1.png,
SETTextureCoordinates,0,0.79,1,
SETTextureCoordinates,1,0.79,0.84,
SETTextureCoordinates,2,1,0.84,
SETTextureCoordinates,3,1,1,
SetEmissiveColor,255,255,255,
SETDecalTransparentColor,0,0,255,

;Front Car End (Backside)

;In order to match the colour - multiple vertex is not so possible

CreateMeshBuilder,
AddVertex,-1.45,1.5,22,
AddVertex,-1.45,1.9,22,
AddVertex,-1.8,1.9,22,
AddVertex,-1.8,1.5,22,
AddFace,0,1,2,3
LoadTexture,white.png,
SetEmissiveColor,255,255,255,

CreateMeshBuilder,
AddVertex,-1.45,1.9,22,
AddVertex,-1.45,2.5,22,
AddVertex,-1.694,2.5,22,
AddVertex,-1.8,1.9,22,
AddFace,0,1,2,3
LoadTexture,white.png,
SetEmissiveColor,255,255,255,

CreateMeshBuilder,
AddVertex,-1.45,2.5,22,
AddVertex,-1.45,2.9,22,
AddVertex,-1.623,2.9,22,
AddVertex,-1.694,2.5,22,
AddFace,0,1,2,3
LoadTexture,white.png,
SetEmissiveColor,255,255,255,

CreateMeshBuilder,
AddVertex,-1.45,2.9,22,
AddVertex,-1.45,3,22,
AddVertex,-1.6059,3,22,
AddVertex,-1.623,2.9,22,
AddFace,0,1,2,3
LoadTexture,white.png,
SetEmissiveColor,255,255,255,

CreateMeshBuilder,
AddVertex,-1.45,3,22,
AddVertex,-1.45,3.2,22,
AddVertex,-1.57,3.2,22,
AddVertex,-1.6059,3,22,
AddFace,0,1,2,3
LoadTexture,white.png,
SetEmissiveColor,255,255,255,

CreateMeshBuilder,
AddVertex,-1.45,3.2,22,
AddVertex,-1.45,3.22,22,
AddVertex,-1.566,3.22,22,
AddVertex,-1.57,3.2,22,
AddFace,0,1,2,3
LoadTexture,white.png,
SetEmissiveColor,255,255,255,

CreateMeshBuilder,
AddVertex,-1.45,3.22,22,
AddVertex,-1.45,3.4,22,
AddVertex,-1.534,3.4,22,
AddVertex,-1.566,3.22,22,
AddFace,0,1,2,3
LoadTexture,white.png,
SetEmissiveColor,255,255,255,

CreateMeshBuilder,
AddVertex,-1.45,3.4,22,
AddVertex,-1.45,3.5,22,
AddVertex,-1.5177,3.5,22,
AddVertex,-1.534,3.4,22,
AddFace,0,1,2,3
LoadTexture,white.png,
SetEmissiveColor,255,255,255,

CreateMeshBuilder,
AddVertex,-1.45,3.5,22,
AddVertex,-1.45,3.58,22,
AddVertex,-1.503,3.58,22,
AddVertex,-1.5177,3.5,22,
AddFace,0,1,2,3
LoadTexture,white.png,
SetEmissiveColor,255,255,255,

CreateMeshBuilder,
AddVertex,-1.45,3.58,22,
AddVertex,-1.45,3.6,22,
AddVertex,-1.5,3.6,22,
AddVertex,-1.503,3.58,22,
AddFace,0,1,2,3
LoadTexture,white.png,
SetEmissiveColor,255,255,255,

CreateMeshBuilder,
AddVertex,-1.45,1.9,22,
AddVertex,-1.45,3.6,22,
AddVertex,-0.75,3.6,22,
AddVertex,-0.75,1.9,22,
AddFace,3,2,1,0,
GenerateNormals,
LoadTexture,white.png,
SetEmissiveColor,255,255,255,

CreateMeshBuilder,
AddVertex,-1.8,1.17,22,
AddVertex,-1.8,1.9,22,
AddVertex,-0.75,1.9,22,
AddVertex,-0.75,1.17,22,
AddFace,3,2,1,0,
GenerateNormals,
LoadTexture,white.png,
SetEmissiveColor,255,255,255,

CreateMeshBuilder,
AddVertex,1.8,1.9,22,
AddVertex,1.694,2.5,22,
AddVertex,1.623,2.9,22,
AddVertex,1.6059,3,22,
AddVertex,1.57,3.2,22,
AddVertex,1.566,3.22,22,
AddVertex,1.534,3.4,22,
AddVertex,1.5177,3.5,22,
AddVertex,1.503,3.58,22,
AddVertex,1.5,3.6,22,
AddVertex,1.465,3.6,22,
AddVertex,1.45,3.6,22,
AddVertex,1.45,3.6,22,
AddVertex,1.45,3.58,22,
AddVertex,1.45,3.5,22,
AddVertex,1.45,3.4,22,
AddVertex,1.45,3.22,22,
AddVertex,1.45,3.2,22,
AddVertex,1.45,3,22,
AddVertex,1.45,2.9,22,
AddVertex,1.45,2.5,22,
AddVertex,1.45,1.9,22,
AddFace,0,1,2,3,4,5,6,7,8,9,10,11,12,13,14,15,16,17,18,19,20,21,
GenerateNormals,
LoadTexture,white.png,
SetEmissiveColor,255,255,255,

CreateMeshBuilder,
AddVertex,1.45,1.9,22,
AddVertex,1.45,3.6,22,
AddVertex,0.75,3.6,22,
AddVertex,0.75,1.9,22,
AddFace,0,1,2,3,
GenerateNormals,
LoadTexture,white.png,
SetEmissiveColor,255,255,255,

CreateMeshBuilder,
AddVertex,1.8,1.17,22,
AddVertex,1.8,1.9,22,
AddVertex,0.75,1.9,22,
AddVertex,0.75,1.17,22,
AddFace,0,1,2,3,
GenerateNormals,
LoadTexture,white.png,
SetEmissiveColor,255,255,255,

CreateMeshBuilder,
AddVertex,-0.75,3.3,22,
AddVertex,-0.75,3.6,22,
AddVertex,0,3.6,22,
AddVertex,0,3.3,22,
AddFace,3,2,1,0,
GenerateNormals,
LoadTexture,white.png,
SetEmissiveColor,255,255,255,

CreateMeshBuilder,
AddVertex,0.75,3.3,22,
AddVertex,0.75,3.6,22,
AddVertex,0,3.6,22,
AddVertex,0,3.3,22,
AddFace,0,1,2,3,
GenerateNormals,
LoadTexture,white.png,
SetEmissiveColor,255,255,255,

;Bottom
CreateMeshbuilder,
ADDVertex,-1.7,1,0.9,
ADDVertex,-1.7,1.17,0.9,
ADDVertex,-1.7,1.17,22.97,
ADDVertex,-1.7,1,22.97,
ADDFace2,3,2,1,0,
GenerateNormals,
LoadTexture,grey.png,
SetEmissiveColor,0,0,0,

CreateMeshbuilder,
ADDVertex,1.7,1,0.9,
ADDVertex,1.7,1.17,0.9,
ADDVertex,1.7,1.17,22.97,
ADDVertex,1.7,1,22.97,
ADDFace2,3,2,1,0,
GenerateNormals,
LoadTexture,grey.png,
SetEmissiveColor,0,0,0,

;Floor
CreateMeshBuilder,
AddVertex,-1.8,1.17,22,
AddVertex,-1.8,1.17,2.06,
AddVertex,1.8,1.17,2.06,
AddVertex,1.8,1.17,22,
AddFace,3,2,1,0,
GenerateNormals,
LoadTexture,floor-1.png,
SETTextureCoordinates,0,255,500,
SETTextureCoordinates,1,255,0,
SETTextureCoordinates,2,0,0,
SETTextureCoordinates,3,0,500,
SetEmissiveColor,255,255,255,

CreateMeshBuilder,
AddVertex,-1.8,1.17,22,
AddVertex,-1.8,1.17,2.06,
AddVertex,1.8,1.17,2.06,
AddVertex,1.8,1.17,22,
AddFace,0,1,2,3,
GenerateNormals,
LoadTexture,brown.png,
SETTextureCoordinates,0,255,500,
SETTextureCoordinates,1,255,0,
SETTextureCoordinates,2,0,0,
SETTextureCoordinates,3,0,500,
SetEmissiveColor,0,0,0,

;Front gangway floor
CreateMeshBuilder,
AddVertex,-0.75,1.17,22.36,
AddVertex,-0.75,1.17,22,
AddVertex,0.75,1.17,22,
AddVertex,0.75,1.17,22.36,
AddFace2,3,2,1,0,
GenerateNormals,
LoadTexture,floor-1.png,
SETTextureCoordinates,0,1,1,
SETTextureCoordinates,1,1,0,
SETTextureCoordinates,2,0,0,
SETTextureCoordinates,3,0,1,
SetEmissiveColor,255,255,255,

CreateMeshBuilder,
AddVertex,-0.75,1.17,22.36,
AddVertex,-0.75,1.17,23.35,
AddVertex,0.75,1.17,23.35,
AddVertex,0.75,1.17,22.36,
AddFace2,3,2,1,0,
GenerateNormals,
LoadTexture,gangway.png,
SETTextureCoordinates,0,1,1,
SETTextureCoordinates,1,1,0,
SETTextureCoordinates,2,0,0,
SETTextureCoordinates,3,0,1,
SetEmissiveColor,255,255,255,

CreateMeshBuilder,
AddVertex,0.695,1.2,22.36,
AddVertex,0.695,1.2,23.35,
AddVertex,-0.695,1.2,23.35,
AddVertex,-0.695,1.2,22.36,
AddFace2,0,1,2,3,
GenerateNormals,
LoadTexture,gangway_floor3.png,
SETTextureCoordinates,0,1,1,
SETTextureCoordinates,1,1,0,
SETTextureCoordinates,2,0,0,
SETTextureCoordinates,3,0,1,
SETDecalTransparentColor,0,0,255,
SetEmissiveColor,255,255,255,

CreateMeshBuilder,
AddVertex,0.695,1.2,23.35,
AddVertex,0.695,1.17,23.35,
AddVertex,-0.695,1.17,23.35,
AddVertex,-0.695,1.2,23.35,
AddFace2,0,1,2,3,
GenerateNormals,
LoadTexture,gangway_floor3.png,
SETTextureCoordinates,0,1,0.1,
SETTextureCoordinates,1,1,0,
SETTextureCoordinates,2,0,0,
SETTextureCoordinates,3,0,0.1,
SETDecalTransparentColor,0,0,255,
SetEmissiveColor,255,255,255,

CreateMeshBuilder,
AddVertex,0.695,1.2,23.35,
AddVertex,0.695,1.17,23.35,
AddVertex,0.695,1.17,22.91,
AddVertex,0.695,1.2,22.91,
AddFace2,0,1,2,3,
GenerateNormals,
LoadTexture,gangway_floor3.png,
SETTextureCoordinates,0,1,0.1,
SETTextureCoordinates,1,1,0,
SETTextureCoordinates,2,0,0,
SETTextureCoordinates,3,0,0.1,
SETDecalTransparentColor,0,0,255,
SetEmissiveColor,255,255,255,

CreateMeshBuilder,
AddVertex,-0.695,1.2,23.35,
AddVertex,-0.695,1.17,23.35,
AddVertex,-0.695,1.17,22.91,
AddVertex,-0.695,1.2,22.91,
AddFace2,0,1,2,3,
GenerateNormals,
LoadTexture,gangway_floor3.png,
SETTextureCoordinates,0,1,0.1,
SETTextureCoordinates,1,1,0,
SETTextureCoordinates,2,0,0,
SETTextureCoordinates,3,0,0.1,
SETDecalTransparentColor,0,0,255,
SetEmissiveColor,255,255,255,

CreateMeshBuilder,
AddVertex,-0.695,1.2,22.91,
AddVertex,-0.695,1.17,22.91,
AddVertex,-0.355,1.17,22.36,
AddVertex,-0.355,1.2,22.36,
AddFace2,0,1,2,3,
GenerateNormals,
LoadTexture,gangway_floor3.png,
SETTextureCoordinates,0,1,0.1,
SETTextureCoordinates,1,1,0,
SETTextureCoordinates,2,0,0,
SETTextureCoordinates,3,0,0.1,
SETDecalTransparentColor,0,0,255,
SetEmissiveColor,255,255,255,

CreateMeshBuilder,
AddVertex,0.695,1.2,22.91,
AddVertex,0.695,1.17,22.91,
AddVertex,0.355,1.17,22.36,
AddVertex,0.355,1.2,22.36,
AddFace2,0,1,2,3,
GenerateNormals,
LoadTexture,gangway_floor3.png,
SETTextureCoordinates,0,1,0.1,
SETTextureCoordinates,1,1,0,
SETTextureCoordinates,2,0,0,
SETTextureCoordinates,3,0,0.1,
SETDecalTransparentColor,0,0,255,
SetEmissiveColor,255,255,255,

CreateMeshBuilder,
AddVertex,0.355,1.2,22.36,
AddVertex,0.355,1.17,22.36,
AddVertex,-0.355,1.17,22.36,
AddVertex,-0.355,1.2,22.36,
AddFace2,0,1,2,3,
GenerateNormals,
LoadTexture,gangway_floor3.png,
SETTextureCoordinates,0,1,0.1,
SETTextureCoordinates,1,1,0,
SETTextureCoordinates,2,0,0,
SETTextureCoordinates,3,0,0.1,
SETDecalTransparentColor,0,0,255,
SetEmissiveColor,255,255,255,

;Back gangway floor
CreateMeshBuilder,
AddVertex,-0.75,1.17,2.06,
AddVertex,-0.75,1.17,1.7,
AddVertex,0.75,1.17,1.7,
AddVertex,0.75,1.17,2.06,
AddFace2,3,2,1,0,
GenerateNormals,
LoadTexture,floor-1.png,
SETTextureCoordinates,0,1,1,
SETTextureCoordinates,1,1,0,
SETTextureCoordinates,2,0,0,
SETTextureCoordinates,3,0,1,
SetEmissiveColor,255,255,255,

CreateMeshBuilder,
AddVertex,-0.75,1.17,1.7,
AddVertex,-0.75,1.17,0.65,
AddVertex,0.75,1.17,0.65,
AddVertex,0.75,1.17,1.7,
AddFace2,3,2,1,0,
GenerateNormals,
LoadTexture,gangway.png,
SETTextureCoordinates,0,1,1,
SETTextureCoordinates,1,1,0,
SETTextureCoordinates,2,0,0,
SETTextureCoordinates,3,0,1,
SetEmissiveColor,255,255,255,

CreateMeshBuilder,
AddVertex,0.695,1.2,1.7,
AddVertex,0.695,1.2,0.65,
AddVertex,-0.695,1.2,0.65,
AddVertex,-0.695,1.2,1.7,
AddFace2,0,1,2,3,
GenerateNormals,
LoadTexture,gangway_floor3.png,
SETTextureCoordinates,0,1,1,
SETTextureCoordinates,1,1,0,
SETTextureCoordinates,2,0,0,
SETTextureCoordinates,3,0,1,
SETDecalTransparentColor,0,0,255,
SetEmissiveColor,255,255,255,

CreateMeshBuilder,
AddVertex,0.695,1.2,0.65,
AddVertex,0.695,1.17,0.65,
AddVertex,-0.695,1.17,0.65,
AddVertex,-0.695,1.2,0.65,
AddFace2,0,1,2,3,
GenerateNormals,
LoadTexture,gangway_floor3.png,
SETTextureCoordinates,0,1,0.1,
SETTextureCoordinates,1,1,0,
SETTextureCoordinates,2,0,0,
SETTextureCoordinates,3,0,0.1,
SETDecalTransparentColor,0,0,255,
SetEmissiveColor,255,255,255,

CreateMeshBuilder,
AddVertex,0.695,1.2,0.65,
AddVertex,0.695,1.17,0.65,
AddVertex,0.695,1.17,1.15,
AddVertex,0.695,1.2,1.15,
AddFace2,0,1,2,3,
GenerateNormals,
LoadTexture,gangway_floor3.png,
SETTextureCoordinates,0,1,0.1,
SETTextureCoordinates,1,1,0,
SETTextureCoordinates,2,0,0,
SETTextureCoordinates,3,0,0.1,
SETDecalTransparentColor,0,0,255,
SetEmissiveColor,255,255,255,

CreateMeshBuilder,
AddVertex,-0.695,1.2,0.65,
AddVertex,-0.695,1.17,0.65,
AddVertex,-0.695,1.17,1.15,
AddVertex,-0.695,1.2,1.15,
AddFace2,0,1,2,3,
GenerateNormals,
LoadTexture,gangway_floor3.png,
SETTextureCoordinates,0,1,0.1,
SETTextureCoordinates,1,1,0,
SETTextureCoordinates,2,0,0,
SETTextureCoordinates,3,0,0.1,
SETDecalTransparentColor,0,0,255,
SetEmissiveColor,255,255,255,

CreateMeshBuilder,
AddVertex,-0.695,1.2,1.15,
AddVertex,-0.695,1.17,1.15,
AddVertex,-0.355,1.17,1.7,
AddVertex,-0.355,1.2,1.7,
AddFace2,0,1,2,3,
GenerateNormals,
LoadTexture,gangway_floor3.png,
SETTextureCoordinates,0,1,0.1,
SETTextureCoordinates,1,1,0,
SETTextureCoordinates,2,0,0,
SETTextureCoordinates,3,0,0.1,
SETDecalTransparentColor,0,0,255,
SetEmissiveColor,255,255,255,

CreateMeshBuilder,
AddVertex,0.695,1.2,1.15,
AddVertex,0.695,1.17,1.15,
AddVertex,0.355,1.17,1.7,
AddVertex,0.355,1.2,1.7,
AddFace2,0,1,2,3,
GenerateNormals,
LoadTexture,gangway_floor3.png,
SETTextureCoordinates,0,1,0.1,
SETTextureCoordinates,1,1,0,
SETTextureCoordinates,2,0,0,
SETTextureCoordinates,3,0,0.1,
SETDecalTransparentColor,0,0,255,
SetEmissiveColor,255,255,255,

CreateMeshBuilder,
AddVertex,0.355,1.2,1.7,
AddVertex,0.355,1.17,1.7,
AddVertex,-0.355,1.17,1.7,
AddVertex,-0.355,1.2,1.7,
AddFace2,0,1,2,3,
GenerateNormals,
LoadTexture,gangway_floor3.png,
SETTextureCoordinates,0,1,0.1,
SETTextureCoordinates,1,1,0,
SETTextureCoordinates,2,0,0,
SETTextureCoordinates,3,0,0.1,
SETDecalTransparentColor,0,0,255,
SetEmissiveColor,255,255,255,

;Ceiling;
CreateMeshBuilder,
AddVertex,-1.5,3.6,22,
AddVertex,-1.5,3.6,2.06,
AddVertex,1.5,3.6,2.06,
AddVertex,1.5,3.6,22,
AddFace2,3,2,1,0,
GenerateNormals,
LoadTexture,ceiling.png,
SetEmissiveColor,255,255,255,




;Underside
CreateMeshBuilder,
AddVertex,-0.95,0.5,3,
AddVertex,-0.95,0.5,0,
AddVertex,0.95,0.5,0,
AddVertex,0.95,0.5,3,
AddVertex,-0.95,1.16,0,
AddVertex,-0.95,0.5,0,
AddVertex,0.95,0.5,0,
AddVertex,0.95,1.16,0,
AddVertex,-0.95,1.16,3,
AddVertex,-0.95,0.5,3,
AddVertex,0.95,0.5,3,
AddVertex,0.95,1.16,3,
AddVertex,-0.95,1.16,3,
AddVertex,-0.95,1.16,0,
AddVertex,-0.95,0.5,0,
AddVertex,-0.95,0.5,3,
AddVertex,0.95,1.16,3,
AddVertex,0.95,1.16,0,
AddVertex,0.95,0.5,0,
AddVertex,0.95,0.5,3,
AddFace2,3,2,1,0,
AddFace2,7,6,5,4,
AddFace2,11,10,9,8,
AddFace2,15,14,13,12,
AddFace2,19,18,17,16,
GenerateNormals,
LoadTexture,maroon.png,
Translate,0,0,5,
SetEmissiveColor,0,0,0,

CreateMeshBuilder,
AddVertex,-0.95,0.5,3,
AddVertex,-0.95,0.5,0,
AddVertex,0.95,0.5,0,
AddVertex,0.95,0.5,3,
AddVertex,-0.95,1.16,0,
AddVertex,-0.95,0.5,0,
AddVertex,0.95,0.5,0,
AddVertex,0.95,1.16,0,
AddVertex,-0.95,1.16,3,
AddVertex,-0.95,0.5,3,
AddVertex,0.95,0.5,3,
AddVertex,0.95,1.16,3,
AddVertex,-0.95,1.16,3,
AddVertex,-0.95,1.16,0,
AddVertex,-0.95,0.5,0,
AddVertex,-0.95,0.5,3,
AddVertex,0.95,1.16,3,
AddVertex,0.95,1.16,0,
AddVertex,0.95,0.5,0,
AddVertex,0.95,0.5,3,
AddFace2,3,2,1,0,
AddFace2,7,6,5,4,
AddFace2,11,10,9,8,
AddFace2,15,14,13,12,
AddFace2,19,18,17,16,
GenerateNormals,
LoadTexture,maroon.png,
Translate,0,0,10,
SetEmissiveColor,0,0,0,

CreateMeshBuilder,
AddVertex,-0.95,0.5,3,
AddVertex,-0.95,0.5,0,
AddVertex,0.95,0.5,0,
AddVertex,0.95,0.5,3,
AddVertex,-0.95,1.16,0,
AddVertex,-0.95,0.5,0,
AddVertex,0.95,0.5,0,
AddVertex,0.95,1.16,0,
AddVertex,-0.95,1.16,3,
AddVertex,-0.95,0.5,3,
AddVertex,0.95,0.5,3,
AddVertex,0.95,1.16,3,
AddVertex,-0.95,1.16,3,
AddVertex,-0.95,1.16,0,
AddVertex,-0.95,0.5,0,
AddVertex,-0.95,0.5,3,
AddVertex,0.95,1.16,3,
AddVertex,0.95,1.16,0,
AddVertex,0.95,0.5,0,
AddVertex,0.95,0.5,3,
AddFace2,3,2,1,0,
AddFace2,7,6,5,4,
AddFace2,11,10,9,8,
AddFace2,15,14,13,12,
AddFace2,19,18,17,16,
GenerateNormals,
LoadTexture,maroon.png,
Translate,0,0,15,
SetEmissiveColor,0,0,0,

;Bogie
CreateMeshBuilder,
AddVertex,-0.8,0.5,1.5,
AddVertex,-0.8,0.5,0,
AddVertex,0.8,0.5,0,
AddVertex,0.8,0.5,1.5,
AddVertex,-0.8,1.16,0,
AddVertex,-0.8,0.5,0,
AddVertex,0.8,0.5,0,
AddVertex,0.8,1.16,0,
AddVertex,-0.8,1.16,1.5,
AddVertex,-0.8,0.5,1.5,
AddVertex,0.8,0.5,1.5,
AddVertex,0.8,1.16,1.5,
AddVertex,-0.8,1.16,1.5,
AddVertex,-0.8,1.16,0,
AddVertex,-0.8,0.5,0,
AddVertex,-0.8,0.5,1.5,
AddVertex,0.8,1.16,1.5,
AddVertex,0.8,1.16,0,
AddVertex,0.8,0.5,0,
AddVertex,0.8,0.5,1.5,
AddFace2,3,2,1,0,
AddFace2,7,6,5,4,
AddFace2,11,10,9,8,
AddFace2,15,14,13,12,
AddFace2,19,18,17,16,
GenerateNormals,
LoadTexture,maroon.png,
Translate,0,0,2,
SetEmissiveColor,0,0,0,

CreateMeshBuilder,
AddVertex,-0.8,0.5,1.5,
AddVertex,-0.8,0.5,0,
AddVertex,0.8,0.5,0,
AddVertex,0.8,0.5,1.5,
AddVertex,-0.8,1.16,0,
AddVertex,-0.8,0.5,0,
AddVertex,0.8,0.5,0,
AddVertex,0.8,1.16,0,
AddVertex,-0.8,1.16,1.5,
AddVertex,-0.8,0.5,1.5,
AddVertex,0.8,0.5,1.5,
AddVertex,0.8,1.16,1.5,
AddVertex,-0.8,1.16,1.5,
AddVertex,-0.8,1.16,0,
AddVertex,-0.8,0.5,0,
AddVertex,-0.8,0.5,1.5,
AddVertex,0.8,1.16,1.5,
AddVertex,0.8,1.16,0,
AddVertex,0.8,0.5,0,
AddVertex,0.8,0.5,1.5,
AddFace2,3,2,1,0,
AddFace2,7,6,5,4,
AddFace2,11,10,9,8,
AddFace2,15,14,13,12,
AddFace2,19,18,17,16,
GenerateNormals,
LoadTexture,maroon.png,
Translate,0,0,19,
SetEmissiveColor,0,0,0,

;3rd Rail Shoe
CreateMeshBuilder,
AddVertex,-0.8,0.5,0.5,
AddVertex,-0.8,0.5,0,
AddVertex,-0.8,0.3,0,
AddVertex,-0.8,0.3,0.5,
AddVertex,0.8,0.5,0.5,
AddVertex,0.8,0.5,0,
AddVertex,0.8,0.3,0,
AddVertex,0.8,0.3,0.5,
AddFace2,3,2,1,0,
AddFace2,7,6,5,4,
GenerateNormals,
LoadTexture,maroon.png,
Translate,0,0,2.5,
SetEmissiveColor,0,0,0,

CreateMeshBuilder,
AddVertex,-0.8,0.3,0.5,
AddVertex,-0.8,0.3,0,
AddVertex,-1.3,0.3,0,
AddVertex,-1.3,0.3,0.5,
AddVertex,0.8,0.3,0.5,
AddVertex,0.8,0.3,0,
AddVertex,1.3,0.3,0,
AddVertex,1.3,0.3,0.5,
AddFace2,3,2,1,0,
AddFace2,7,6,5,4,
GenerateNormals,
LoadTexture,maroon.png,
Translate,0,0,2.5,
SetEmissiveColor,0,0,0,

CreateMeshBuilder,
AddVertex,-0.8,0.5,0.5,
AddVertex,-0.8,0.5,0,
AddVertex,-0.8,0.3,0,
AddVertex,-0.8,0.3,0.5,
AddVertex,0.8,0.5,0.5,
AddVertex,0.8,0.5,0,
AddVertex,0.8,0.3,0,
AddVertex,0.8,0.3,0.5,
AddFace2,3,2,1,0,
AddFace2,7,6,5,4,
GenerateNormals,
LoadTexture,maroon.png,
Translate,0,0,19.5,
SetEmissiveColor,0,0,0,

CreateMeshBuilder,
AddVertex,-0.8,0.3,0.5,
AddVertex,-0.8,0.3,0,
AddVertex,-1.3,0.3,0,
AddVertex,-1.3,0.3,0.5,
AddVertex,0.8,0.3,0.5,
AddVertex,0.8,0.3,0,
AddVertex,1.3,0.3,0,
AddVertex,1.3,0.3,0.5,
AddFace2,3,2,1,0,
AddFace2,7,6,5,4,
GenerateNormals,
LoadTexture,maroon.png,
Translate,0,0,19.5,
SetEmissiveColor,0,0,0,